10X Genomics Inc	7
1&1 AG	6
3i Group PLC	31
3M Co	107
3SBio Inc	7
4D Molecular Therapeutics Inc	5
A10 Networks Inc	1
A2A SpA	14
AAC Technologies Holdings Inc	1
Aalberts NV	2
ABB Ltd	27
Abbott Laboratories	202
AbbVie Inc	225
Abcam PLC	4
ABIOMED Inc	19
Absa Group Ltd	7
Abu Dhabi Commercial Bank PJSC	22
Academy Sports & Outdoors Inc	3
Acadia Healthcare Co Inc	13
ACADIA Pharmaceuticals Inc	4
Acceleron Pharma Inc	12
Accenture PLC	469
Acciona SA	5
ACC Ltd	2
Accolade Inc	6
Accton Technology Corp	27
ACEA SpA	5
Ace Hardware Indonesia Tbk PT	18
Acer Inc	2
Acerinox SA	26
Acom Co Ltd	7
Activia Properties Inc	6
Activision Blizzard Inc	214
Acumen Pharmaceuticals Inc	4
Acushnet Holdings Corp	1
Adani Green Energy Ltd	1
ADC Therapeutics SA	8
Addcn Technology Co Ltd	23
AddTech AB	1
Adecco Group AG	16
Adecoagro SA	7
adidas AG	112
Adimmune Corp	3
ADLER Group SA	20
Admiral Group PLC	32
Adobe Inc	820
Advance Auto Parts Inc	50
Advanced Ceramic X Corp	9
Advanced Info Service PCL	20
Advanced Micro Devices Inc	234
Advantech Co Ltd	13
Advantest Corp	69
Adyen NV	146
Aedifica SA	43
Aegon NV	1
Aena SME SA	6
Aeon Co Ltd	1
AerCap Holdings NV	7
AES Corp/The	2
Affiliated Managers Group Inc	14
Affimed NV	5
Aflac Inc	147
AfreecaTV Co Ltd	13
African Rainbow Minerals Ltd	4
Afterpay Ltd	1
AGC Inc	34
AGCO Corp	18
Ageas SA/NV	24
Agenus Inc	4
Agile Group Holdings Ltd	1
Agilent Technologies Inc	157
Agility Public Warehousing Co KSC	20
agilon health Inc	4
Agios Pharmaceuticals Inc	12
AGNC Investment Corp	16
Agnico Eagle Mines Ltd	83
Agree Realty Corp	57
Agricultural Bank of China Ltd	53
AIA Group Ltd	278
Airbnb Inc	44
Air Canada	50
Air Liquide SA	53
Airports of Thailand PCL	14
Air Products and Chemicals Inc	134
Airtac International Group	48
Air Water Inc	3
Aisin Corp	22
AIXTRON SE	1
Ajinomoto Co Inc	14
Akamai Technologies Inc	59
Akatsuki Inc	1
Akbank TAS	1
Akero Therapeutics Inc	8
AKR Corporindo Tbk PT	5
Aksa Akrilik Kimya Sanayii AS	3
Akzo Nobel NV	70
Albemarle Corp	88
Alchip Technologies Ltd	1
Alcon Inc	2
Aldar Properties PJSC	36
Alector Inc	3
Alexandria Real Estate Equities Inc	1052
Alfa Laval AB	36
Alfa SAB de CV	3
Algonquin Power & Utilities Corp	14
Alibaba Group Holding Ltd	1344
Align Technology Inc	197
Aligos Therapeutics Inc	3
Alimentation Couche-Tard Inc	67
Alior Bank SA	1
Alkem Laboratories Ltd	1
Alkermes PLC	2
Alkyl Amines Chemicals	2
Allakos Inc	11
Alleghany Corp	33
Allegion plc	607
Allegro.eu SA	77
Allfunds Group Plc	44
AllianceBernstein Holding LP	11
Alliance Data Systems Corp	3
Alliant Energy Corp	16
Allianz SE	144
Allison Transmission Holdings Inc	17
Allogene Therapeutics Inc	4
Allscripts Healthcare Solutions Inc	1
Allstate Corp/The	111
All Winner Technology Co Ltd	5
Ally Financial Inc	111
Almarai Co JSC	5
Alnylam Pharmaceuticals Inc	40
Alpargatas SA	18
Alphabet Inc	3212
Alpha Services and Holdings SA	11
Alphawave IP Group PLC	4
Alps Alpine Co Ltd	15
Al Rajhi Bank	212
Alrosa PJSC	26
ALS Ltd	2
Alstom SA	30
alstria office REIT-AG	49
AltaGas Ltd	11
Altarea SCA	261
Alteryx Inc	2
Altice USA Inc	27
Altium Ltd	9
Alumina Ltd	33
ALX Oncology Holdings Inc	21
Amada Co Ltd	47
Amadeus IT Group SA	2
Amara Raja Batteries Ltd	7
Amazon.com Inc	2785
Ambarella Inc	24
Ambev SA	27
Ambu A/S	1
Ambuja Cements Ltd	3
AMC Entertainment Holdings Inc	6
AMC Networks Inc	1
Amcor PLC	64
Amedisys Inc	6
Ameren Corp	36
America Movil SAB de CV	44
American Airlines Group Inc	1
Americanas SA	14
American Campus Communities Inc	68
American Eagle Outfitters Inc	1
American Electric Power Co Inc	75
American Express Co	123
American Financial Group Inc/OH	1
American Homes 4 Rent	33
American International Group Inc	11
American States Water Co	2
American Tower Corp	191
American Water Works Co Inc	80
Americold Realty Trust	468
Ameriprise Financial Inc	12
AMERISAFE Inc	22
AmerisourceBergen Corp	89
AMETEK Inc	34
Amgen Inc	121
Amicus Therapeutics Inc	25
Amkor Technology Inc	2
AMMB Holdings Bhd	1
AMN Healthcare Services Inc	1
Amorepacific Corp	1
Amphenol Corp	53
Amplifon SpA	1
AMP Ltd	41
Ampol Ltd	8
Amundi SA	4
ANA Holdings Inc	12
Analog Devices Inc	131
and Healthcare Holdings Ltd	2
ANDRITZ AG	6
Angel Yeast Co Ltd	57
Anglo American Platinum Ltd	42
Anglo American PLC	136
AngloGold Ashanti Ltd	15
Anheuser-Busch InBev SA/NV	104
Anhui Conch Cement Co Ltd	61
Anhui Jinhe Industrial Co Ltd	11
Anhui Zhongding Sealing Parts Co Ltd	5
Annaly Capital Management Inc	22
Ansell Ltd	2
ANSYS Inc	51
ANTA Sports Products Ltd	106
Antero Midstream Corp	3
Antero Resources Corp	5
Anthem Inc	138
Antofagasta PLC	29
Aon PLC	211
A O Smith Corp	20
Aoyama Trading Co Ltd	5
APA Corp	1
APA Group	12
Apellis Pharmaceuticals Inc	3
APERAM SA	8
AP Moller - Maersk A/S	200
Apollo Global Management Inc	13
Apollo Hospitals Enterprise Ltd	44
Apple Hospitality REIT Inc	8
Apple Inc	3583
Applied Industrial Technologies Inc	1
Applied Materials Inc	212
AP Thailand PCL	3
Aptiv PLC	137
Aptus Value Housing Finance India Ltd	6
Arab National Bank	6
Aramex PJSC	1
Arca Continental SAB de CV	28
Arcadis NV	486
Arcelik AS	4
Arch Capital Group Ltd	61
Arco Platform Ltd	9
ARC Resources Ltd	16
Arena Pharmaceuticals Inc	23
Ares Capital Corp	2
Ares Management Corp	1
Arezzo Industria e Comercio SA	17
Argenx SE	45
Arista Networks Inc	78
Aristocrat Leisure Ltd	44
Arjo AB	7
Arkema SA	32
Aroundtown SA	60
Arrow Electronics Inc	6
Arrowhead Pharmaceuticals Inc	11
Arthur J Gallagher & Co	119
Artisan Partners Asset Management Inc	1
Artis Real Estate Investment Trust	1
Arvinas Inc	10
Asahi Group Holdings Ltd	67
Asahi Intecc Co Ltd	42
Asahi Kasei Corp	14
Ascendas Real Estate Investment Trust	8
Ascendis Pharma A/S	27
ASE Technology Holding Co Ltd	81
ASGN Inc	1
Ashmore Group PLC	1
Ashtead Group PLC	8
Asia Cement China Holdings Corp	1
Asia Cement Corp	1
Asian Paints Ltd	50
Asics Corp	30
ASM International NV	63
ASML Holding NV	813
As One Corp	32
ASPEED Technology Inc	20
Aspen Pharmacare Holdings Ltd	7
ASR Nederland NV	25
Assa Abloy AB	101
Asseco Poland SA	4
Assicurazioni Generali SpA	12
Associated British Foods PLC	2
Assurant Inc	17
Assura PLC	52
Assured Guaranty Ltd	2
Astellas Pharma Inc	83
Astra International Tbk PT	16
Astral Foods Ltd	2
Astral Ltd	2
AstraZeneca PLC	380
Asustek Computer Inc	13
ASX Ltd	25
Atara Biotherapeutics Inc	11
Athene Holding Ltd	8
Atkore Inc	7
Atlantia SpA	1
Atlas Arteria Ltd	22
Atlas Copco AB	83
Atlassian Corp PLC	162
Atmos Energy Corp	33
Atos SE	12
AT&T Inc	237
Atul Ltd	1
Auckland International Airport Ltd	2
AU Optronics Corp	8
Aurizon Holdings Ltd	42
Aurubis AG	1
AusNet Services Ltd	6
Austevoll Seafood ASA	3
AutoCanada Inc	4
Autodesk Inc	93
Autohome Inc	20
Autoliv Inc	6
Automatic Data Processing Inc	109
Auto Trader Group PLC	4
AutoZone Inc	120
Avalara Inc	64
AvalonBay Communities Inc	3
Avangrid Inc	1
Avantium N.V.	10
Avantor Inc	13
Avenue Supermarts Ltd	1
Avery Dennison Corp	60
AVI Ltd	24
Aviva PLC	1
Avnet Inc	1
Avrobio Inc	2
Axalta Coating Systems Ltd	13
AXA SA	28
Axfood AB	9
Axis Bank Ltd	122
Axis Capital Holdings Ltd	1
Ayala Land Inc	94
Azbil Corp	17
Azimut Holding SpA	19
Azrieli Group Ltd	2
Azul SA	1
B2Gold Corp	9
B3 SA - Brasil Bolsa Balcao	136
BAIC Motor Corp Ltd	7
Baidu Inc	109
Bajaj Consumer Care Ltd	1
Bajaj Finance Ltd	30
Bajaj Finserv Ltd	15
Baker Hughes Co	2
Balchem Corp	280
Ballard Power Systems Inc	3
Ball Corp	57
Banca Mediolanum SpA	9
Banca Transilvania SA	22
Banco Bilbao Vizcaya Argentaria SA	31
Banco Bradesco SA	193
Banco BTG Pactual SA	13
Banco Comercial Portugues SA	2
Banco de Chile	22
Banco de Credito e Inversiones SA	2
Banco do Brasil SA	20
Bancolombia SA	63
Banco Macro SA	2
Banco Santander Brasil SA	8
Banco Santander Chile	23
Banco Santander SA	54
Bandai Namco Holdings Inc	1
Bandhan Bank Ltd	63
Bangkok Bank PCL	1
Bangkok Chain Hospital PCL	16
Bangkok Dusit Medical Services PCL	54
Bank BTPN Syariah Tbk PT	2
Bank Central Asia Tbk PT	205
Bankinter SA	66
Bank Mandiri Persero Tbk PT	109
Bank Negara Indonesia Persero Tbk PT	1
Bank of America Corp	563
Bank of Baroda	5
Bank of China - Luxembourg Branch	90
Bank of Communications Co Ltd	40
Bank of East Asia Ltd/The	3
Bank of Ireland Group PLC	4
Bank Of Montreal	27
Bank of Nova Scotia/The	43
Bank of the Philippine Islands	10
Bank OZK	2
Bank Polska Kasa Opieki SA	40
Bank Rakyat Indonesia Persero Tbk PT	128
Banque Saudi Fransi	5
Bapcor Ltd	3
Barclays PLC	83
Barloworld Ltd	6
Barratt Developments PLC	14
Barrick Gold Corp	44
Barry Callebaut AG	2
Barwa Real Estate Co	2
BASE Inc	4
BASF India Ltd	1
BASF SE	99
Bath & Body Works Inc	32
Bausch Health Cos Inc	4
Baxter International Inc	88
BayCurrent Consulting Inc	7
Bayer AG	19
Bayerische Motoren Werke AG	141
BB Seguridade Participacoes SA	19
BCE Inc	68
BDO Unibank Inc	24
Beazley PLC	7
Becton Dickinson and Co	120
Bed Bath & Beyond Inc	1
Befimmo SA	20
Beiersdorf AG	74
BeiGene Ltd	7
Beijing Enterprises Holdings Ltd	7
Beijing Enterprises Water Group Ltd	3
Beijing New Building Materials PLC	23
Beijing Sinnet Technology Co Ltd	14
Bekaert SA	4
Benefit One Inc	26
Bengo4.com Inc	5
Bentley Systems Inc	1
Berkeley Group Holdings PLC	1
Berkshire Hathaway Inc	672
BE Semiconductor Industries NV	18
Best Buy Co Inc	55
BGF retail Co Ltd	47
Bharat Forge Ltd	7
Bharat Petroleum Corp Ltd	6
Bharti Airtel Ltd	24
BHP Group Ltd	87
BHP Group PLC	189
Bicycle Therapeutics PLC	7
Bid Corp Ltd	77
Bidvest Group Ltd/The	7
BigCommerce Holdings Inc	5
Big Yellow Group PLC	12
Bilibili Inc	122
Bill.com Holdings Inc	50
BillerudKorsnas AB	2
BIM Birlesik Magazalar AS	16
BioAtla Inc	5
BioCryst Pharmaceuticals Inc	25
Biogen Inc	111
BioMarin Pharmaceutical Inc	32
Biomea Fusion Inc	4
Bio-Rad Laboratories Inc	60
Bio-Techne Corp	16
Bioteque Corp	19
Birlasoft Ltd	3
Bizlink Holding Inc	30
BJ’s Wholesale Club Holdings Inc	7
Black Knight Inc	80
BlackRock Inc	259
Blackstone Inc	212
Blue Dart Express Ltd	4
Blueprint Medicines Corp	24
BlueScope Steel Ltd	30
BNK Financial Group Inc	17
BNP Paribas SA	68
Boa Vista Servicos SA	7
BOC Aviation Ltd	1
BOC Hong Kong Holdings Ltd	25
BOC International China Co Ltd	1
Boditech Med Inc	1
BOE Technology Group Co Ltd	15
Boise Cascade Co	5
Boliden AB	51
Bollore SA	2
Bolsa Mexicana de Valores SAB de CV	28
Booking Holdings Inc	156
Booz Allen Hamilton Holding Corp	90
BorgWarner Inc	14
Bosideng International Holdings Ltd	23
Boskalis Westminster	4
Boston Beer Co Inc/The	13
Boston Properties Inc	663
Boston Scientific Corp	197
Boubyan Bank KSCP	1
Bouygues SA	34
Box Inc	11
Boyd Gaming Corp	8
BP PLC	114
Bradespar SA	26
Brady Corp	1
Brambles Ltd	29
Braskem SA	8
Brenntag SE	122
BRF SA	6
Bridgebio Pharma Inc	7
Bridgestone Corp	43
Brighthouse Financial Inc	9
Brighton-Best International Taiwan Inc	4
Bristol-Myers Squibb Co	429
Britannia Industries Ltd	1
British Land Co PLC/The	299
Britvic PLC	163
Brixmor Property Group Inc	1
BR Malls Participacoes SA	12
Broadcom Inc	163
Broadridge Financial Solutions Inc	499
Brookfield Asset Management Inc	233
Brookfield Renewable Corp	13
Brookfield Renewable Partners LP	21
Brother Industries Ltd	22
Brown & Brown Inc	172
Brown-Forman Corp	120
BRP Group Inc	3
BRP Inc	8
Bruker Corp	26
Brunswick Corp/DE	6
BSE Ltd	1
BT Group PLC	14
Buckle Inc/The	2
Budimex SA	1
Budweiser Brewing Co APAC Ltd	57
Bukalapak.com PT Tbk	12
Bumi Armada Bhd	2
Bunge Ltd	1
Bunzl PLC	280
Burberry Group PLC	3
Bureau Veritas SA	1
Burlington Stores Inc	6
Burning Rock Biotech Ltd	2
Bursa Malaysia Bhd	4
Buzzi Unicem SpA	3
BYD Co Ltd	60
By-health Co Ltd	31
C4 Therapeutics Inc	5
Cable One Inc	1
Cabot Oil & Gas Corp	1
Cadence Design Systems Inc	175
Cadila Healthcare Ltd	2
Caesars Entertainment Inc	1
CA Immobilien Anlagen AG	16
CaixaBank SA	8
California Water Service Group	1
Callon Petroleum Co	1
Camden Property Trust	5
Cameco Corp	5
Camel Group Co Ltd	3
Campbell Soup Co	22
Canaccord Genuity Group Inc	2
Canada Goose Holdings Inc	3
Canadian Apartment Properties REIT	1
Canadian Imperial Bank of Commerce	5
Canadian National Railway Co	78
Canadian Pacific Railway Ltd	46
Canadian Tire Corp Ltd	7
Canadian Western Bank	22
Cannae Holdings Inc	7
Canny Elevator Co Ltd	5
Cano Health Inc	19
Canon Inc	129
Capcom Co Ltd	29
Capgemini SE	98
Capitaland Investment Ltd/Singapore	90
Capital & Counties Properties PLC	17
Capital One Financial Corp	357
Capital Securities Corp	1
Capitec Bank Holdings Ltd	60
CAP SA	4
Capstone Mining Corp	3
Carborundum Universal Ltd	5
Cardiff Oncology Inc	2
Cardinal Health Inc	24
Cardlytics Inc	4
Cargurus Inc	5
Carlsberg AS	9
Carlyle Group Inc/The	11
Carl Zeiss Meditec AG	4
CarMax Inc	1
Carmila SA	2
Carnival Corp	13
Carrefour SA	3
Carrier Global Corp	52
carsales.com Ltd	3
Carter’s Inc	2
Carvana Co	8
Cascades Inc	1
Casio Computer Co Ltd	2
Castellum AB	301
Catalent Inc	34
Caterpillar Inc	161
Cathay Financial Holding Co Ltd	35
Cboe Global Markets Inc	97
CBRE Group Inc	83
CCL Industries Inc	12
CCR SA	2
CDW Corp/DE	44
Celanese Corp	77
Celestica Inc	1
Cellnex Telecom SA	106
Celltrion Healthcare Co Ltd	1
Celltrion Inc	2
Cementos Pacasmayo SAA	4
Cemex SAB de CV	78
Cencosud SA	15
Cencosud Shopping SA	7
Centamin PLC	10
Centene Corp	127
CenterPoint Energy Inc	21
Centessa Pharmaceuticals PLC	4
Central Depository Services India Ltd	3
Central Japan Railway Co	1
Central Pattana PCL	27
Centrica PLC	17
Century Communities Inc	1
Ceridian HCM Holding Inc	49
Cerner Corp	19
Cewe Stiftung & Co KGAA	1
CEZ AS	1
CF Industries Holdings Inc	20
CGI Inc	26
Chacha Food Co Ltd	27
Chailease Holding Co Ltd	32
Challenger Ltd	14
Chambal Fertilizers and Chemicals Ltd	9
Champion Iron Ltd	5
Chanjet Information Technology Co Ltd	5
Charles Schwab Corp/The	316
Charter Communications Inc	194
Charter Hall Group	72
Check Point Software Technologies Ltd	74
Chegg Inc	19
Cheil Worldwide Inc	10
Chemed Corp	2
Chemometec A/S	1
Cheng Loong Corp	2
Cheng Shin Rubber Industry Co Ltd	6
Cheniere Energy Inc	44
Chesapeake Energy Corp	1
Chewy Inc	1
Chicony Electronics Co Ltd	3
Chicony Power Technology Co Ltd	1
Chief Telecom Inc	27
Chimera Investment Corp	2
China CITIC Bank Corp Ltd	27
China Conch Venture Holdings Ltd	38
China Construction Bank Corp	298
China Design Group Co Ltd	1
China Dongxiang Group Co Ltd	2
China Everbright Bank Co Ltd	5
China Everbright Environment Group Ltd	2
China Everbright Ltd	4
China Feihe Ltd	7
China Gas Holdings Ltd	21
China General Plastics Corp	1
China Hongqiao Group Ltd	18
China International Capital Corp Ltd	1
China Jinmao Holdings Group Ltd	13
China Lesso Group Holdings Ltd	5
China Life Insurance Co Ltd	19
China Longyuan Power Group Corp Ltd	16
China Medical System Holdings Ltd	32
China Mengniu Dairy Co Ltd	195
China Merchants Bank Co Ltd	414
China Merchants Port Holdings Co Ltd	5
China Minsheng Banking Corp Ltd	5
China Modern Dairy Holdings Ltd	3
China Molybdenum Co Ltd	5
China National Building Material Co Ltd	9
China Nonferrous Mining Corp Ltd	1
China Overseas Land & Investment Ltd	70
China Petroleum & Chemical Corp	140
China Resources Beer Holdings Co Ltd	3
China Resources Gas Group Ltd	48
China Resources Land Ltd	785
China Southern Airlines Co Ltd	12
China Steel Corp	19
China Taiping Insurance Holdings Co Ltd	8
China Tower Corp Ltd	6
China Vanke Co Ltd	36
China XLX Fertiliser Ltd	1
China Yangtze Power Co Ltd	53
China Zheshang Bank Co Ltd	1
Chipbond Technology Corp	13
ChipMOS Technologies Inc	10
Chipotle Mexican Grill Inc	9
Chong Kun Dang Pharmaceutical Corp	1
Chongqing Changan Automobile Co Ltd	3
Chow Tai Fook Jewellery Group Ltd	16
Chow Tai Seng Jewellery Co Ltd	15
Chr Hansen Holding A/S	417
CH Robinson Worldwide Inc	42
Chroma ATE Inc	81
Chubb Ltd	92
Chugai Pharmaceutical Co Ltd	97
Chularat Hospital PCL	15
Chung Hung Steel Corp	3
Chunghwa Telecom Co Ltd	1
Church & Dwight Co Inc	45
Cia Brasileira de Distribuicao	1
Cia Cervecerias Unidas SA	1
Cia Energetica de Minas Gerais	25
Cia Paranaense de Energia	4
Cia Siderurgica Nacional SA	16
Cibus Nordic Real Estate AB	2
Cie de Saint-Gobain	85
Cie Financiere Richemont SA	71
Cielo SA	3
Ciena Corp	1
CIFI Ever Sunshine Services Group Ltd	3
CIFI Holdings Group Co Ltd	41
CI Financial Corp	23
Cigna Corp	194
CIMB Group Holdings Bhd	11
Cimpress PLC	1
Cincinnati Financial Corp	60
Cintas Corp	44
Cipla Ltd/India	13
Cirrus Logic Inc	7
Cisco Systems Inc/Delaware	263
CITIC Ltd	16
CITIC Securities Co Ltd	18
Citigroup Inc	121
Citizens Financial Group Inc	109
Citizen Watch Co Ltd	17
Citrix Systems Inc	68
City Developments Ltd	42
CJ CheilJedang Corp	15
CJ ENM Co Ltd	9
CJ Logistics Corp	28
CK Asset Holdings Ltd	116
CK Hutchison Holdings Ltd	75
CK Infrastructure Holdings Ltd	3
Clariant AG	4
Clarivate PLC	30
Cleanaway Co Ltd	1
Clean Harbors Inc	1
Clear Channel Outdoor Holdings Inc	3
Clear Secure Inc	1
Clicks Group Ltd	21
Clorox Co/The	47
Cloudflare Inc	3
CLP Holdings Ltd	1
CME Group Inc	238
CMS Energy Corp	102
CNA Financial Corp	7
CNH Industrial NV	14
CNP Assurances	6
CNX Resources Corp	3
Coca-Cola Consolidated Inc	2
Coca-Cola Co/The	427
Coca-Cola Europacific Partners PLC	5
Coca-Cola Femsa SAB de CV	16
Coca-Cola HBC AG	23
Coca-Cola Icecek AS	1
Cochlear Ltd	437
Cofinimmo SA	67
Co for Cooperative Insurance/The	28
Coforge Ltd	13
Cogent Biosciences Inc	5
Cogna Educacao	3
Cognex Corp	5
Cognizant Technology Solutions Corp	162
Coherus Biosciences Inc	7
Coles Group Ltd	27
Colgate-Palmolive India Ltd	42
Collegium Pharmaceutical Inc	6
Colliers International Group Inc	1
Coloplast A/S	122
Columbia Sportswear Co	9
Comcast Corp	471
Commercial Bank Of Qatar Qsc/The	1
Commonwealth Bank of Australia	47
Community Health Systems Inc	4
CommVault Systems Inc	2
Compass Group PLC	154
Computer Age Management Services Ltd	1
Computershare Ltd	45
Comstock Resources Inc	2
Conagra Brands Inc	2
Concentrix Corp	1
Concepcion Industrial Corp	9
Concordia Financial Group Ltd	5
Concord New Energy Group Ltd	1
Conduent Inc	3
Confluent Inc	14
Consolidated Edison Inc	202
Constellation Brands Inc	11
Constellation Software Inc/Canada	45
Constellium SE	1
Contact Energy Ltd	9
Container Corp Of India Ltd	14
Continental AG	4
Cooper Cos Inc/The	71
Copa Holdings SA	41
Copart Inc	7
Corcept Therapeutics Inc	1
CoreSite Realty Corp	16
Coretronic Corp	1
Corning Inc	29
Coronation Fund Managers Ltd	1
Corp Inmobiliaria Vesta SAB de CV	12
Corporate Office Properties Trust	3
Corteva Inc	31
Corus Entertainment Inc	16
Cosel Co Ltd	3
Cosmax Inc	6
Cosmos Pharmaceutical Corp	12
Costa Group Holdings Ltd	20
CoStar Group Inc	142
Costco Wholesale Corp	509
Country Garden Holdings Co Ltd	41
Coupang Inc	8
Coupa Software Inc	53
Cousins Properties Inc	100
Covestro AG	96
Coway Co Ltd	29
Cowen Inc	2
CP ALL PCL	45
CPFL Energia SA	16
CP Pokphand Co Ltd	1
Credicorp Ltd	68
Credit Acceptance Corp	5
CREDIT AGRICOLE CIB	3
Credit Agricole SA	11
Credit Saison Co Ltd	44
Credit Suisse Group AG	1
Cree Inc	15
Crescent Point Energy Corp	5
CRH PLC	37
Crocs Inc	6
Croda International PLC	1
Crowdstrike Holdings Inc	74
Crown Castle International Corp	91
Crown Holdings Inc	74
CSG Systems International Inc	2
CSL Ltd	12
CSN Mineracao SA	1
CSPC Pharmaceutical Group Ltd	81
CSX Corp	214
CTBC Financial Holding Co Ltd	87
CTT-Correios de Portugal SA	2
Cub Elecparts Inc	3
Cummins Inc	131
Cummins India Ltd	2
Cushman & Wakefield PLC	2
Customers Bancorp Inc	1
CVS Health Corp	102
CyberAgent Inc	56
Cyient Ltd	1
Cyteir Therapeutics Inc	3
Dabur India Ltd	9
Daibiru Corp	6
Daifuku Co Ltd	8
Dai-ichi Life Holdings Inc	142
Daiichi Sankyo Co Ltd	61
Daikin Industries Ltd	117
Daimler AG	72
Dai Nippon Printing Co Ltd	3
Daito Trust Construction Co Ltd	26
Daiwa House Industry Co Ltd	35
Daiwa House REIT Investment Corp	29
Daiwa Office Investment Corp	20
Daiwa Securities Group Inc	19
Danaher Corp	269
Danone SA	13
Danske Bank A/S	1
Daou Technology Inc	1
Darden Restaurants Inc	16
Dare Power Dekor Home Co Ltd	1
Dassault Systemes SE	15
Datadog Inc	9
DaVita Inc	11
Day One Biopharmaceuticals Inc	3
DB Insurance Co Ltd	8
DBS Group Holdings Ltd	198
DCP Midstream LP	4
Deckers Outdoor Corp	26
Deepak Nitrite Ltd	9
Deere & Co	120
Definitive Healthcare Corp	7
Delivery Hero SE	9
Dell Technologies Inc	71
De’ Longhi SpA	420
Delta Electronics Inc	51
Demant A/S	6
Denso Corp	30
DENTSPLY SIRONA Inc	54
Derwent London PLC	65
de Seguros y Reaseguros	7
Detsky Mir PJSC	5
Deutsche Bank AG	23
Deutsche Boerse AG	3
Deutsche Post AG	353
Deutsche Telekom AG	370
Deutsche Wohnen SE	212
Development Co Ltd	3
Devon Energy Corp	105
Devyani International Ltd	8
DexCom Inc	60
Dexco SA	22
Dexerials Corp	2
DGB Financial Group Inc	11
Diageo PLC	142
Diagnosticos da America SA	6
Dialog Group Bhd	16
Diamondback Energy Inc	18
DiaSorin SpA	41
Dicerna Pharmaceuticals Inc	1
DICE Therapeutics Inc	5
Dick’s Sporting Goods Inc	45
D’ieteren Group	10
Digital Garage Inc	14
Digital Realty Trust Inc	1211
Dillard’s Inc	5
Dino Polska SA	93
Diodes Inc	1
Direct Line Insurance Group PLC	2
Disco Corp	36
Discover Financial Services	87
Discovery Inc	18
Discovery Ltd	13
DISH Network Corp	15
Divi’s Laboratories Ltd	18
DLF Ltd	122
D&L Industries Inc	11
Dlocal Ltd/Uruguay	10
DNB Bank ASA	203
DocuSign Inc	125
D&O Green Technologies Bhd	1
Dogus Otomotiv Servis ve Ticaret AS	3
Dolby Laboratories Inc	33
Dollarama Inc	13
Dollar General Corp	87
Dollar Tree Inc	84
Dominion Energy Inc	139
Domino’s Pizza Enterprises Ltd	31
Domino’s Pizza Inc	69
Donaldson Co Inc	2
Dongfang Electric Corp Ltd	2
Dongfeng Motor Group Co Ltd	8
Dongjin Semichem Co Ltd	2
Dongkuk Steel Mill Co Ltd	2
Dongyue Group Ltd	11
DoorDash Inc	22
Doosan Bobcat Inc	2
Doosan Co Ltd	6
Doosan Fuel Cell Co Ltd	9
Douzone Bizon Co Ltd	28
Dover Corp	45
Dow Inc	50
Draegerwerk AG & Co KGaA	1
DraftKings Inc	2
DR Horton Inc	151
Dr Lal PathLabs Ltd	3
Dr. Martens Plc	31
Dropbox Inc	30
Dr Reddy’s Laboratories Ltd	36
DSV A/S	51
DTE Energy Co	37
Dubai Islamic Bank PJSC	4
Duke Energy Corp	190
Duke Realty Corp	2
DuPont de Nemours Inc	77
DXC Technology Co	2
Dycom Industries Inc	1
Dynatrace Inc	73
Dyne Therapeutics Inc	4
Dynex Capital Inc	2
Eagers Automotive Ltd	8
Earth Corp	1
Eastern Polymer Group PCL	2
East Japan Railway Co	46
Eastman Chemical Co	46
Eaton Corp PLC	47
Ebara Corp	34
eBay Inc	50
EchoStar Corp	3
Eclat Textile Co Ltd	12
Ecolab Inc	59
Ecopetrol SA	2
Ecovacs Robotics Co Ltd	19
e-Credible Co Ltd	10
Edan Instruments Inc	1
Edgewell Personal Care Co	44
Edgewise Therapeutics Inc	2
Edison International	52
EDP - Energias de Portugal SA	1
Edwards Lifesciences Corp	154
Eicher Motors Ltd	80
EID Parry India Ltd	1
Eiffage SA	16
Eisai Co Ltd	37
Eizo Corp	7
Elanco Animal Health Inc	28
Elan Microelectronics Corp	6
Elastic NV	11
Electricite de France SA	30
Electrolux AB	1
Electronic Arts Inc	128
Elekta AB	1
Elementis PLC	84
Elevation Oncology Inc	2
Eli Lilly & Co	458
Elior Group SA	1
Elisa Oyj	77
Elite Material Co Ltd	39
Emaar Properties PJSC	78
Emami Ltd	5
E-MART Inc	1
Embassy Office Parks REIT	16
Embotelladora Andina SA	13
Embracer Group AB	6
EMCOR Group Inc	1
eMemory Technology Inc	1
Emerson Electric Co	45
Emirates NBD PJSC	2
Empire Co Ltd	40
Empire State Realty Trust Inc	1
Empresas CMPC SA	1
Empresas COPEC SA	1
EMS-Chemie Holding AG	38
Enable Midstream Partners LP	6
Enauta Participacoes SA	1
Encompass Health Corp	37
Encore Capital Group Inc	1
Endava PLC	2
Endeavour Group Ltd/Australia	1
Endeavour Mining PLC	9
Endesa SA	8
Endo International PLC	1
Enel Americas SA	8
Enel Chile SA	1
Enel SpA	159
ENEOS Holdings Inc	49
Energisa SA	11
Energizer Holdings Inc	1
Energy Harbor Corp	5
Energy Transfer LP	11
EngageSmart Inc	1
Engie SA	62
Engineering & Construction	18
Eni SpA	31
ENN Energy Holdings Ltd	24
Enova International Inc	2
Enphase Energy Inc	37
Entain PLC	6
Entegris Inc	3
Entergy Corp	38
Entra ASA	45
Envista Holdings Corp	54
EOG Resources Inc	155
E.ON SE	10
EPAM Systems Inc	103
Epiroc AB	25
EQT AB	7
Equifax Inc	52
Equinix Inc	1134
Equinor ASA	91
Equipment Group Co Ltd	3
Equitable Holdings Inc	25
Equitrans Midstream Corp	2
Equity LifeStyle Properties Inc	75
Equity Residential	831
ERG SpA	1
Erie Indemnity Co	46
Erste Group Bank AG	235
ESR Cayman Ltd	535
Essa Pharma Inc	3
Essent Group Ltd	4
Essential Utilities Inc	19
Essex Property Trust Inc	163
EssilorLuxottica SA	66
Essity AB	1
Estee Lauder Cos Inc/The	298
E.Sun Financial Holding Co Ltd	12
Etablissements Franz Colruyt NV	23
Etihad Etisalat Co	3
Etsy Inc	39
Eurazeo SE	2
Eurocash SA	1
Eurofins Scientific SE	125
Euronext NV	15
European Fintech Ipo Co 1 BV	13
Eva Airways Corp	3
Even Construtora e Incorporadora SA	1
Evercore Inc	46
Everest Re Group Ltd	104
Evergreen Marine Corp Taiwan Ltd	49
Evergy Inc	55
Everlight Electronics Co Ltd	2
Eversource Energy	121
EVERTEC Inc	1
Evolent Health Inc	19
Evolution AB	16
Evolution Mining Ltd	1
Evonik Industries AG	6
Evoqua Water Technologies Corp	37
Evraz PLC	2
Exact Sciences Corp	60
Exelixis Inc	13
Exelon Corp	108
Exide Industries Ltd	1
ExlService Holdings Inc	1
EXOR NV	9
Expedia Group Inc	14
Experian PLC	68
Extra Space Storage Inc	612
EZCORP Inc	1
F5 Networks Inc	114
Fabege AB	86
Facebook Inc	1458
FactSet Research Systems Inc	11
Fairfax Financial Holdings Ltd	23
Fair Isaac Corp	47
Falabella SA	34
Fangda Special Steel Technology Co Ltd	4
FANUC Corp	93
Far Eastern Department Stores Ltd	1
Far Eastern New Century Corp	1
Far East Horizon Ltd	2
Far EasTone Telecommunications Co Ltd	1
Farfetch Ltd	19
Fastenal Co	26
Fastighets AB Balder	63
Fast Retailing Co Ltd	41
Fate Therapeutics Inc	5
Faurecia SE	6
Federal Realty Investment Trust	93
FedEx Corp	104
Feng TAY Enterprise Co Ltd	1
Ferguson PLC	811
Ferrari NV	12
Ferrexpo PLC	5
Ferrovial SA	71
Fibra Uno Administracion SA de CV	39
FibroGen Inc	1
Fidelity National Financial Inc	59
Fielmann AG	1
Fifth Third Bancorp	59
Fila Holdings Corp	2
FinecoBank Banca Fineco SpA	80
Fine Organic Industries Ltd	13
Finning International Inc	20
FinVolution Group	7
First Abu Dhabi Bank PJSC	36
First BanCorp/Puerto Rico	14
First Capital Real Estate Investment Trust	6
FirstCash Inc	2
FirstEnergy Corp	2
First Financial Holding Co Ltd	3
First Industrial Realty Trust Inc	6
First Quantum Minerals Ltd	2
FirstRand Ltd	159
First Republic Bank/CA	278
FirstService Corp	58
Firstsource Solutions Ltd	2
Fiserv Inc	119
Fisher & Paykel Healthcare Corp Ltd	28
Five9 Inc	43
Fix Price Group Ltd	97
Flagstar Bancorp Inc	6
FleetCor Technologies Inc	34
Fleury SA	16
Flex Ltd	45
Flight Centre Travel Group Ltd	13
Flowers Foods Inc	3
Fluidra SA	2
Flutter Entertainment PLC	7
FMC Corp	15
FocalTech Systems Co Ltd	5
Foot Locker Inc	5
Ford Motor Co	50
Ford Otomotiv Sanayi AS	18
ForFarmers NV	12
Formosa Chemicals & Fibre Corp	1
Formosa Plastics Corp	12
Fortescue Metals Group Ltd	72
Fortinet Inc	88
Fortis Healthcare Ltd	16
Fortis Inc/Canada	1
Fortive Corp	24
Fortum OYJ	1
Fortune Brands Home & Security Inc	1
Foschini Group Ltd/The	22
Fox Corp	108
FPT Corp	17
Franco-Nevada Corp	169
Franklin Resources Inc	18
Freee KK	26
Freenet AG	1
Fresenius Medical Care AG & Co KGaA	5
Fresenius SE & Co KGaA	13
Frontier Communications Parent Inc	43
Frontier Group Holdings Inc	26
Frontken Corp Bhd	3
FS KKR Capital Corp	2
FTI Consulting Inc	8
Fubon Financial Holding Co Ltd	72
FUCHS PETROLUB SE	2
FUJIFILM Holdings Corp	112
Fuji Media Holdings Inc	10
Fujitsu Ltd	58
Future PLC	6
Fuyao Glass Industry Group Co Ltd	14
GAIL India Ltd	29
Galapagos NV	6
Galaxy Surfactants Ltd	3
Galecto Inc	1
Galenica AG	4
Galp Energia SGPS SA	4
Gaming and Leisure Properties Inc	1
Ganfeng Lithium Co Ltd	2
Gap Inc/The	13
Garmin Ltd	6
Gartner Inc	84
Gayatri Projects Ltd	3
Gazprom PJSC	97
Gaztransport Et Technigaz SA	1
GCP Student Living PLC	120
GDS Holdings Ltd	39
GEA Group AG	55
Geberit AG	59
Gecina SA	92
Geely Automobile Holdings Ltd	120
GEM Co Ltd	3
General Electric Co	120
General Mills Inc	31
General Motors Co	209
Genmab A/S	91
Genpact Ltd	32
Genscript Biotech Corp	2
Genuine Parts Co	95
Genworth Financial Inc	6
Geopark Ltd	12
Gerdau SA	10
Gerresheimer AG	204
Gesellschaft AG in Muenchen	103
Getinge AB	18
Getlink SE	1
GetNinjas SA	2
GFC Ltd/TW	8
Giant Manufacturing Co Ltd	2
giftee Inc	6
Gigadevice Semiconductor Beijing Inc	2
G-III Apparel Group Ltd	1
Gildan Activewear Inc	22
Gilead Sciences Inc	230
Ginko International Co Ltd	1
Ginlong Technologies Co Ltd	15
Givaudan SA	156
Gjensidige Forsikring ASA	23
Gland Pharma Ltd	17
GlaxoSmithKline PLC	51
Glenmark Pharmaceuticals Ltd	2
Global Blood Therapeutics Inc	6
Global Mixed Mode Technology Inc	4
Global Payments Inc	42
Global Unichip Corp	1
Globalwafers Co Ltd	33
Globant SA	29
Globe Life Inc	108
Globe Telecom Inc	1
Globus Medical Inc	13
Glodon Co Ltd	14
Glory Ltd	2
GLP J-Reit	12
GMO Payment Gateway Inc	44
GMS Inc	1
GN Store Nord AS	489
GoDaddy Inc	26
Godrej Consumer Products Ltd	21
Godrej Properties Ltd	17
GoerTek Inc	43
Golden Ocean Group Ltd	2
Gold Fields Ltd	19
Goldman Sachs Group Inc/The	33
Goodman Group	691
Goodyear Tire & Rubber Co/The	15
Gourmet Master Co Ltd	4
GPT Group/The	57
Grainger PLC	74
Grand Canyon Education Inc	1
Granite Real Estate Investment Trust	7
Graphite India Ltd	6
Grasim Industries Ltd	4
Greatek Electronics Inc	6
Great Portland Estates PLC	23
Great Wall Motor Co Ltd	9
Great-West Lifeco Inc	11
Gree Electric Appliances Inc of Zhuhai	39
Greentown Service Group Co Ltd	22
Grifols SA	1
Group 1 Automotive Inc	8
Group Co Ltd	14
Groupe Bruxelles Lambert SA	49
Growthpoint Properties Ltd	4
Gruma SAB de CV	38
Grupa Lotos SA	1
Grupo Bimbo SAB de CV	10
Grupo Financiero Banorte SAB de CV	156
Grupo Herdez SAB de CV	7
Grupo Mexico SAB de CV	70
Grupo Televisa SAB	4
GS Engineering & Construction Corp	3
GS Retail Co Ltd	2
Guangdong Haid Group Co Ltd	52
Guangdong Investment Ltd	3
Guangzhou Automobile Group Co Ltd	3
Guangzhou R&F Properties Co Ltd	1
Guaranty Trust Holding Co PLC	11
Guidewire Software Inc	2
Gujarat Gas Ltd	4
Gujarat State Petronet Ltd	7
Gulf Energy Development PCL	15
Gulfport Energy Operating Corp	17
GungHo Online Entertainment Inc	3
Hachijuni Bank Ltd/The	4
Haidilao International Holding Ltd	21
Haier Smart Home Co Ltd	76
Haitian International Holdings Ltd	36
Haitong Securities Co Ltd	14
Hakuhodo DY Holdings Inc	1
Halliburton Co	2
Halma PLC	1
Halozyme Therapeutics Inc	28
Hamamatsu Photonics KK	50
Hammerson PLC	344
Hana Financial Group Inc	90
Hana Microelectronics PCL	4
Hangcha Group Co Ltd	3
Hang Lung Group Ltd	2
Hang Lung Properties Ltd	385
Hang Seng Bank Ltd	70
Hangzhou First Applied Material Co Ltd	39
Hangzhou Robam Appliances Co Ltd	1
Hangzhou Tigermed Consulting Co Ltd	81
Hankook Tire & Technology Co Ltd	18
Hankyu Hanshin Holdings Inc	1
Hannover Rueck SE	69
Hanon Systems	26
Hanover Insurance Group Inc/The	1
Hansae Co Ltd	1
Hansoh Pharmaceutical Group Co Ltd	17
Hanwha Aerospace Co Ltd	5
Harley-Davidson Inc	1
Harmony Biosciences Holdings Inc	5
Hartalega Holdings Bhd	3
Harvey Norman Holdings Ltd	2
Hasbro Inc	14
Havells India Ltd	14
HB Fuller Co	20
HCA Healthcare Inc	236
HCL Technologies Ltd	80
HDFC Bank Ltd	243
HDFC Life Insurance Co Ltd	25
HeadHunter Group PLC	31
Healius Ltd	8
Healthcare Realty Trust Inc	21
Healthcare Trust of America Inc	312
Health Catalyst Inc	8
Healthpeak Properties Inc	118
Hebei Chengde Lolo Co	1
HEG Ltd	5
HEICO Corp	1
HeidelbergCement AG	20
Heidrick & Struggles International Inc	1
Heineken Holding NV	29
Heineken Malaysia Bhd	24
Heineken NV	11
Heiwa Real Estate Co Ltd	38
Helixmith Co Ltd	2
HelloFresh SE	78
Hello Group Inc	7
Henderson Land Development Co Ltd	13
Henkel AG & Co KGaA	3
Hennge KK	3
Henry Schein Inc	15
Hera SpA	8
Herbalife Nutrition Ltd	1
Herman Miller Inc	2
Hermes International	177
Hero MotoCorp Ltd	2
Hershey Co/The	181
Hess Corp	70
Hewlett Packard Enterprise Co	38
Hexagon AB	10
Hibbett Inc	6
Hibernia REIT plc	14
Highwoods Properties Inc	19
Hikma Pharmaceuticals PLC	8
Hilltop Holdings Inc	1
Hilton Worldwide Holdings Inc	110
Himax Technologies Inc	5
Hindalco Industries Ltd	2
Hindustan Aeronautics Ltd	11
Hindustan Unilever Ltd	181
Hirogin Holdings Inc	5
Hirose Electric Co Ltd	31
Hitachi Ltd	101
Hitachi Metals Ltd	19
Hiwin Technologies Corp	34
HKT Trust & HKT Ltd	31
H Lundbeck A/S	5
H & M Hennes & Mauritz AB	29
HMM Co Ltd	6
Hoa Phat Group JSC	22
Hochschild Mining PLC	2
Hokuetsu Corp	9
Holcim Ltd	24
Holdings Co Ltd	15
Holdings Co Ltd	2
Holdings Ltd	1
Holdings Ltd	1
Holdings Ltd	3
HollyFrontier Corp	11
Hologic Inc	104
Holtek Semiconductor Inc	2
Home Depot Inc/The	548
Home Product Center PCL	2
HomeServe PLC	8
Honda Motor Co Ltd	52
Hong Kong & China Gas Co Ltd	42
Hong Kong Exchanges & Clearing Ltd	197
Hongkong Land Holdings Ltd	169
Hongkong & Shanghai Hotels Ltd/The	6
Hong Leong Bank Bhd	5
Hong Leong Financial Group Bhd	2
Hon Hai Precision Industry Co Ltd	284
Hopson Development Holdings Ltd	15
Horiba Ltd	1
Horizon Therapeutics Plc	145
Hormel Foods Corp	111
Host Hotels & Resorts Inc	62
Hota Industrial Manufacturing Co Ltd	8
Hotel Shilla Co Ltd	1
Howden Joinery Group PLC	15
Howmet Aerospace Inc	1
Hoya Corp	196
HP Inc	83
H&R Block Inc	2
H&R Real Estate Investment Trust	12
HSBC Holdings PLC	41
Hua Nan Financial Holdings Co Ltd	1
Huatai Securities Co Ltd	6
Huaxi Securities Co Ltd	1
Huazhu Group Ltd	30
Hub Group Inc	1
HubSpot Inc	169
Hudson Pacific Properties Inc	2
Hufvudstaden AB	31
HUGO BOSS AG	2
H.U. Group Holdings Inc	11
Hui Xian Real Estate Investment Trust	15
Hulic Co Ltd	4
Humana Inc	169
Humansoft Holding Co KSC	6
Humanwell Healthcare Group Co Ltd	3
Hunan Valin Steel Co Ltd	1
Huntington Bancshares Inc/OH	11
Husqvarna AB	7
Hutchmed China Ltd	5
HUYA Inc	4
Hydro One Ltd	30
Hyosung Advanced Materials Corp	1
Hysan Development Co Ltd	28
Hyundai Construction Equipment Co Ltd	8
Hyundai Glovis Co Ltd	4
Hyundai Home Shopping Network Corp	3
Hyundai Mobis Co Ltd	20
Hyundai Motor Co	53
iA Financial Corp Inc	8
Iberdrola SA	75
IBF Financial Holdings Co Ltd	1
Ibiden Co Ltd	7
ICA Gruppen AB	11
ICICI Bank Ltd	368
ICICI Prudential Life Insurance Co Ltd	49
ICL Group Ltd	2
ICON PLC	17
ICU Medical Inc	8
Idemitsu Kosan Co Ltd	6
IDEX Corp	2
IDEXX Laboratories Inc	133
IDFC First Bank Ltd	4
Idorsia Ltd	6
IG Group Holdings PLC	9
IGM Financial Inc	2
IGO Ltd	1
iHeartMedia Inc	5
IHH Healthcare Bhd	53
IHS Markit Ltd	113
Iida Group Holdings Co Ltd	19
II-VI Inc	40
Iliad SA	66
Illinois Tool Works Inc	132
Illumina Inc	77
Iluka Resources Ltd	11
Imeik Technology Development Co Ltd	3
IMI PLC	5
Impala Platinum Holdings Ltd	28
Impinj Inc	11
Inari Medical Inc	12
Inchcape PLC	2
Incyte Corp	49
Indiabulls Housing Finance Ltd	2
Indian Energy Exchange Ltd	8
Indian Hotels Co Ltd/The	2
Indian Oil Corp Ltd	2
Indocement Tunggal Prakarsa Tbk PT	6
Indofood Sukses Makmur Tbk PT	1
Indorama Ventures PCL	14
Indraprastha Gas Ltd	12
IndusInd Bank Ltd	5
Industria de Diseno Textil SA	85
Industrial Securities Co Ltd	8
Industries Qatar QSC	15
Industrivarden AB	14
Infineon Technologies AG	60
Info Edge India Ltd	45
Infomart Corp	12
Informa PLC	398
Infosys Ltd	460
Infrastrutture Wireless Italiane SpA	1
Ingenia Communities Group	3
Ingersoll Rand Inc	1
Ingevity Corp	5
ING Groep NV	10
Inghams Group Ltd	4
Inmobiliaria Colonial Socimi SA	24
Inmode Ltd	20
Innolux Corp	4
Innovent Biologics Inc	1
Inpex Corp	79
Insight Enterprises Inc	2
Insmed Inc	18
Installed Building Products Inc	1
Institute Co Ltd	2
Instituto Hermes Pardini SA	16
Insulet Corp	45
Insurance Australia Group Ltd	18
Intact Financial Corp	3
Intco Medical Technology Co Ltd	2
Integra LifeSciences Holdings Corp	10
Intel Corp	254
Intellia Therapeutics Inc	10
Interactive Brokers Group Inc	26
Intercontinental Exchange Inc	160
InterContinental Hotels Group PLC	1
InterGlobe Aviation Ltd	34
Intermediate Capital Group PLC	2
International Business Machines Corp	114
International Flavors & Fragrances Inc	61
International Games System Co Ltd	7
International Game Technology PLC	1
International Paper Co	3
Interpublic Group of Cos Inc/The	41
Interpump Group SpA	2
InterRent Real Estate Investment Trust	64
Intertek Group PLC	3
Intesa Sanpaolo SPA	10
Intrum AB	5
Intuit Inc	468
Intuitive Surgical Inc	119
Invesco Ltd	20
Investec Ltd	1
Investment AB Latour	1
Investments Ltd	15
Investor AB	50
Invitae Corp	10
Invitation Homes Inc	627
Iochpe Maxion SA	1
Ionis Pharmaceuticals Inc	4
IOOF Holdings Ltd	10
IPG Photonics Corp	1
Ipsen SA	6
IQVIA Holdings Inc	139
IRCON International Ltd	2
Iren SpA	1
iRhythm Technologies Inc	10
Irish Residential Properties REIT Plc	39
iRobot Corp	1
Iron Mountain Inc	1
Ironwood Pharmaceuticals Inc	14
IRPC PCL	1
ISS A/S	1
Isuzu Motors Ltd	10
Itausa SA	19
Itau Unibanco Holding SA	99
Itochu Techno-Solutions Corp	8
Itoham Yonekyu Holdings Inc	1
Ivanhoe Mines Ltd	1
Iwatani Corp	4
J2 Global Inc	3
Jabil Inc	23
Jack Henry & Associates Inc	173
Jack in the Box Inc	1
Jackson Financial Inc	7
James Hardie Industries PLC	55
Janus Henderson Group PLC	6
Janux Therapeutics Inc	5
Japan Airlines Co Ltd	1
Japan Elevator Service Holdings Co Ltd	13
Japan Exchange Group Inc	62
Japan Investment Adviser Co Ltd	2
Japan Lifeline Co Ltd	13
Japan Metropolitan Fund Invest	40
Japan Post Bank Co Ltd	33
Japan Prime Realty Investment Corp	1
Japan Real Estate Investment Corp	31
Jardine Matheson Holdings Ltd	62
Jarir Marketing Co	20
Jastrzebska Spolka Weglowa SA	1
Jazz Pharmaceuticals PLC	58
JB Chemicals & Pharmaceuticals Ltd	3
JBG SMITH Properties	40
JB Hi-Fi Ltd	6
JB Hunt Transport Services Inc	3
JBS SA	61
JCDecaux SA	281
JD.com Inc	193
JD Health International Inc	4
JD Sports Fashion PLC	14
Jefferies Financial Group Inc	35
JELD-WEN Holding Inc	1
Jeol Ltd	1
Jeronimo Martins SGPS SA	26
JFE Holdings Inc	11
J Front Retailing Co Ltd	15
JGC Holdings Corp	27
Jiangsu Expressway Co Ltd	1
Jiangsu Hengli Hydraulic Co Ltd	3
Jiangsu Hengrui Medicine Co Ltd	51
Jiangsu King’s Luck Brewery JSC Ltd	17
Jiangsu Yangnong Chemical Co Ltd	25
Jiangxi Copper Co Ltd	49
Jindal Saw Ltd	2
Jinneng Science&Technology Co Ltd	5
JiuGui Liquor Co Ltd	3
JK Tyre & Industries Ltd	1
J M Smucker Co/The	49
JNBY Design Ltd	2
John B Sanfilippo & Son Inc	1
Johnson Controls International plc	53
Johnson & Johnson	824
Johnson Matthey PLC	10
John Wood Group PLC	63
Joinn Laboratories China Co Ltd	3
Jones Lang LaSalle Inc	2
JPMorgan Chase & Co	861
J Sainsbury PLC	1
JS Global Lifestyle Co Ltd	23
JSR Corp	18
JSW Steel Ltd	12
JTEKT Corp	2
Jubilant Foodworks Ltd	7
JUMBO SA	22
Juniper Networks Inc	58
Jupiter Fund Management PLC	3
Just Eat Takeaway.com NV	9
Jyothy Labs Ltd	4
Kaisa Prosperity Holdings Ltd	1
Kajaria Ceramics Ltd	4
Kajima Corp	40
KakaoBank Corp	9
Kakao Corp	158
Kalbe Farma Tbk PT	1
Kalpataru Power Transmission Ltd	1
KalVista Pharmaceuticals Inc	2
Kanamoto Co Ltd	1
Kangwon Land Inc	33
Kansai Paint Co Ltd	21
Kansas City Southern	4
Kao Corp	60
Kasikornbank PCL	18
Kaspi.KZ JSC	11
Kawasaki Heavy Industries Ltd	1
Kawasaki Kisen Kaisha Ltd	6
KBC Group NV	185
KB Financial Group Inc	92
KB Home	11
KCC Corp	3
KCC Glass Corp	2
KDDI Corp	202
KEC International Ltd	2
KE Holdings Inc	1
Keihan Holdings Co Ltd	3
Keihanshin Building Co Ltd	5
Keio Corp	6
Keisei Electric Railway Co Ltd	2
Kellogg Co	77
Kenedix Office Investment Corp	34
Keppel Corp Ltd	3
Kering SA	85
Kerry Group PLC	119
Kesko Oyj	34
Keurig Dr Pepper Inc	2
Keyence Corp	366
Keysight Technologies Inc	180
Kforce Inc	1
KGHM Polska Miedz SA	82
Kia Corp	174
Kikkoman Corp	13
Kilroy Realty Corp	349
Kimberly-Clark Corp	34
Kimberly-Clark de Mexico SAB de CV	44
Kimco Realty Corp	282
Kinder Morgan Inc	75
Kindom Development Co Ltd	7
Kindred Group PLC	29
Kingboard Holdings Ltd	16
Kingboard Laminates Holdings Ltd	11
KingClean Electric Co Ltd	2
Kingfisher PLC	33
Kingsoft Cloud Holdings Ltd	6
Kingsoft Corp Ltd	9
Kingspan Group PLC	51
King’s Town Bank Co Ltd	3
Kinnevik AB	1
Kinross Gold Corp	30
Kinsus Interconnect Technology Corp	3
KINX Inc	5
Kirin Holdings Co Ltd	64
Kirkland Lake Gold Ltd	44
KKR & Co Inc	56
Klabin SA	16
KLA Corp	185
Klepierre SA	348
KMC Kuei Meng International Inc	10
Knight-Swift Transportation Holdings Inc	3
Knorr-Bremse AG	61
Knowles Corp	1
KOC Holding AS	10
Kodiak Sciences Inc	13
Koei Tecmo Holdings Co Ltd	14
Kohl’s Corp	24
Koh Young Technology Inc	5
Koito Manufacturing Co Ltd	23
Kojamo Oyj	63
Komatsu Ltd	30
Komercni banka as	10
Komeri Co Ltd	14
Konami Holdings Corp	10
Kone Oyj	74
Konica Minolta Inc	13
Koninklijke Ahold Delhaize NV	139
Koninklijke DSM NV	70
Koninklijke KPN NV	157
Koninklijke Philips NV	30
Koninklijke Vopak NV	1
Korea Gas Corp	8
Korea Investment Holdings Co Ltd	10
Korea Petrochemical Ind Co Ltd	1
Korea Zinc Co Ltd	24
Korn Ferry	1
Kossan Rubber Industries	2
Kotak Mahindra Bank Ltd	112
KPIT Technologies Ltd	6
Kraft Heinz Co/The	4
Kroger Co/The	152
Krung Thai Bank PCL	3
K’s Holdings Corp	10
KT Corp	60
Kuaishou Technology	22
Kubota Corp	12
Kuehne + Nagel International AG	165
Kulicke & Soffa Industries Inc	2
Kumba Iron Ore Ltd	21
Kumho Petrochemical Co Ltd	12
Kungsleden AB	93
Kunlun Energy Co Ltd	51
Kuraray Co Ltd	18
Kurita Water Industries Ltd	3
Kuwait Finance House KSCP	5
Kwang Dong Pharmaceutical Co Ltd	1
Kweichow Moutai Co Ltd	276
KWG Group Holdings Ltd	26
KWG Living Group Holdings Ltd	8
Kymera Therapeutics Inc	11
Kyocera Corp	15
KYORIN Holdings Inc	11
Kyowa Kirin Co Ltd	13
Kyushu Railway Co	3
Laboratory Corp of America Holdings	97
La Francaise des Jeux SAEM	13
Lamar Advertising Co	1
Lamb Weston Holdings Inc	410
Lam Research Corp	156
Land Securities Group PLC	97
Largan Precision Co Ltd	24
Lasertec Corp	39
Las Vegas Sands Corp	1
Lattice Semiconductor Corp	27
Lawson Inc	18
La-Z-Boy Inc	2
Lear Corp	1
Lee & Man Paper Manufacturing Ltd	2
Legal & General Group PLC	177
Legalzoom.com Inc	9
Legend Holdings Corp	3
LEG Immobilien SE	101
Legrand SA	49
Leidos Holdings Inc	1
L E Lundbergforetagen AB	1
Lemon Tree Hotels Ltd	61
LendingClub Corp	8
Lendlease Corp Ltd	7
Lennar Corp	9
Lennox International Inc	25
Lenovo Group Ltd	86
Lepu Medical Technology Beijing Co Ltd	4
Levi Strauss & Co	12
LexinFintech Holdings Ltd	3
LG Chem Ltd	157
LG Corp	13
LG Display Co Ltd	8
LG Electronics Inc	114
LG Household & Health Care Ltd	66
LG Innotek Co Ltd	37
LG Uplus Corp	7
LHC Group Inc	8
Li Auto Inc	7
Liberty Broadband Corp	2
Liberty Global PLC	51
Liberty Latin America Ltd	34
Liberty Media Corp-Liberty Formula One	1
Liberty Media Corp-Liberty SiriusXM	2
Lifco AB	4
Life Healthcare Group Holdings Ltd	2
LIFENET INSURANCE CO	4
LifeStance Health Group Inc	6
Life Storage Inc	66
Lifestyle International Holdings Ltd	1
Lifetech Scientific Corp	5
Light SA	1
Lightspeed Commerce Inc	79
Linamar Corp	3
Lincoln National Corp	158
Linde PLC	263
Li Ning Co Ltd	194
Link REIT	541
Lions Gate Entertainment Corp	6
Lite-On Technology Corp	19
Lithia Motors Inc	4
LivaNova PLC	16
Live Nation Entertainment Inc	33
LiveRamp Holdings Inc	1
Lixil Corp	4
LKQ Corp	72
Lloyds Banking Group PLC	35
Loblaw Cos Ltd	23
Localiza Rent a Car SA	25
Loews Corp	39
Logitech International SA	79
Logo Yazilim Sanayi Ve Ticaret AS	19
Lojas Americanas SA	12
Lojas Quero Quero S/A	8
Lojas Renner SA	29
LondonMetric Property PLC	66
London Stock Exchange Group PLC	2
Longfor Group Holdings Ltd	129
Lonking Holdings Ltd	4
Lonza Group AG	124
L’Oreal SA	307
Lotes Co Ltd	16
Lotte Chemical Corp	6
Lotus Pharmaceutical Co Ltd	1
Louisiana-Pacific Corp	11
Lowe’s Cos Inc	373
LPP SA	1
LS Electric Co Ltd	7
Lufax Holding Ltd	2
LUKOIL PJSC	243
Lululemon Athletica Inc	67
Lumen Technologies Inc	33
Lumentum Holdings Inc	29
Lundin Energy AB	40
Lundin Mining Corp	12
Lutronic Corp	1
Luxembourg Branch	91
Luxi Chemical Group Co Ltd	5
Luxshare Precision Industry Co Ltd	76
Luye Pharma Group Ltd	5
Luzhou Laojiao Co Ltd	77
LX Hausys Ltd	4
LX INTERNATIONAL CORP	9
Lyft Inc	30
LyondellBasell Industries NV	25
M3 Inc	35
Maccura Biotechnology Co Ltd	2
Macerich Co/The	2
Macquarie Group Ltd	21
Macquarie Infrastructure Holdings LLC	3
Macronix International Co Ltd	5
Macy’s Inc	9
Maeda Corp	4
Magazine Luiza SA	29
Magellan Financial Group Ltd	5
Magna International Inc	30
Magnitogorsk Iron & Steel Works PJSC	32
Magnit PJSC	65
Mahanagar Gas Ltd	9
Mahindra & Mahindra Ltd	30
Mail.Ru Group Ltd	47
Makalot Industrial Co Ltd	1
Makita Corp	28
Malayan Banking Bhd	16
Malaysia Airports Holdings Bhd	13
Malibu Boats Inc	1
Man Group PLC/Jersey	1
Manhattan Associates Inc	16
ManpowerGroup Inc	12
Manulife Financial Corp	98
Mapfre SA	5
Mapletree Commercial Trust	52
Mapletree Industrial Trust	74
Mapletree Logistics Trust	80
Marathon Digital Holdings Inc	3
Marathon Petroleum Corp	82
Maravai LifeSciences Holdings Inc	18
Marfrig Global Foods SA	20
Marico Ltd	11
Markel Corp	88
MarketAxess Holdings Inc	110
Marqeta Inc	13
Marriott International Inc/MD	97
Marsh & McLennan Cos Inc	173
Martin Marietta Materials Inc	67
Maruti Suzuki India Ltd	31
Marvell Technology Inc	227
Masco Corp	130
Masimo Corp	70
Masraf Al Rayan QSC	3
Mastek Ltd	4
Mastercard Inc	596
Match Group Inc	190
Max Financial Services Ltd	16
MAXIMUS Inc	2
Maxscend Microelectronics Co Ltd	36
Mayne Pharma Group Ltd	8
Mazda Motor Corp	7
MCB Bank Ltd	1
McCormick & Co Inc/MD	66
McDonald’s Corp	570
McDonald’s Holdings Co Japan Ltd	24
McKesson Corp	158
MDU Resources Group Inc	37
Mediaset Espana Comunicacion SA	7
Mediaset NV	2
MediaTek Inc	378
Medibank Pvt Ltd	22
Medical Facilities Corp	1
Medical Properties Trust Inc	8
Mediclinic International PLC	17
Medley Inc	6
Medpace Holdings Inc	3
Medtronic PLC	253
Megacable Holdings SAB de CV	3
Mega Financial Holding Co Ltd	1
MEIJI Holdings Co Ltd	12
Meitec Corp	10
Melexis NV	1
Melrose Industries PLC	14
MercadoLibre Inc	113
Mercari Inc	15
Mercator Medical SA	1
Mercialys SA	45
Merck & Co Inc	271
Merck KGaA	87
Mercury General Corp	1
Mercury NZ Ltd	5
Merida Industry Co Ltd	38
Meridian Energy Ltd	10
Meritage Homes Corp	11
Meritz Securities Co Ltd	1
Merlin Properties Socimi SA	73
Metcash Ltd	16
MetLife Inc	75
Metro Inc/CN	1
Metropolitan Bank & Trust Co	3
Metsa Board Oyj	2
Mettler-Toledo International Inc	184
Mgame Corp	1
MGIC Investment Corp	1
MGM Resorts International	1
M&G PLC	7
Microchip Technology Inc	7
Micro Focus International PLC	5
Micron Technology Inc	141
Microsoft Corp	3931
Micro-Star International Co Ltd	7
Midea Group Co Ltd	139
M/I Homes Inc	2
Milbon Co Ltd	9
Military Commercial Joint Stock Bank	5
Mimecast Ltd	10
MINEBEA MITSUMI Inc	7
Mineral Resources Ltd	36
Minerva SA/Brazil	3
Minor International PCL	20
Minth Group Ltd	44
Mirae Asset Securities Co Ltd	3
Mirati Therapeutics Inc	14
Mirvac Group	386
MISUMI Group Inc	90
Mitsubishi Chemical Holdings Corp	4
Mitsubishi Corp	41
Mitsubishi Electric Corp	40
Mitsubishi Estate Co Ltd	87
Mitsubishi Gas Chemical Co Inc	4
Mitsubishi HC Capital Inc	10
Mitsubishi Heavy Industries Ltd	5
Mitsubishi UFJ Financial Group Inc	56
Mitsui Chemicals Inc	5
Mitsui & Co Ltd	69
Mitsui Fudosan Co Ltd	42
Mitsui Fudosan Logistics Park Inc	27
Mitsui Mining & Smelting Co Ltd	3
Miura Co Ltd	22
Mixi Inc	1
Mizuho Financial Group Inc	83
MLS Co Ltd	2
MMC Norilsk Nickel PJSC	152
Mobile Telecommunications Co KSCP	6
Mobile TeleSystems PJSC	18
Mobile World Investment Corp	25
MOBLY SA	2
Moderna Inc	185
Moelis & Co	5
Mohawk Industries Inc	24
MOL Hungarian Oil & Gas PLC	10
Molina Healthcare Inc	77
Molson Coors Beverage Co	10
momo.com Inc	4
Monadelphous Group Ltd	4
Moncler SpA	5
Monday.com Ltd	7
Mondelez International Inc	204
Monde Nissin Corp	35
Mondi PLC	27
Moneta Money Bank AS	3
Money Forward Inc	12
MongoDB Inc	63
Monolithic Power Systems Inc	63
MonotaRO Co Ltd	78
Monster Beverage Corp	87
Moody’s Corp	227
Morgan Stanley	22
MorphoSys AG	1
Mosaic Co/The	26
Moscow Exchange MICEX-RTS PJSC	39
Motherson Sumi Systems Ltd	38
Motilal Oswal Financial Services Ltd	1
Motorola Solutions Inc	180
Motus Holdings Ltd	9
Mowi ASA	2
Mphasis Ltd	58
MRC Global Inc	1
Mr Price Group Ltd	27
MS&AD Insurance Group Holdings Inc	45
MSA Safety Inc	473
MSCI Inc	34
M&T Bank Corp	62
MTN Group Ltd	54
MTR Corp Ltd	49
MTU Aero Engines AG	2
MultiChoice Group	2
Murata Manufacturing Co Ltd	56
Murphy Oil Corp	7
Murphy USA Inc	2
Muyuan Foods Co Ltd	9
My EG Services Bhd	7
Myovant Sciences Ltd	11
Nabtesco Corp	22
NAC Kazatomprom JSC	8
Nagoya Railroad Co Ltd	4
Namchow Holdings Co Ltd	1
Nanjing Iron & Steel Co Ltd	1
Nan Ya Plastics Corp	27
Nan Ya Printed Circuit Board Corp	4
Nanya Technology Corp	16
Narayana Hrudayalaya Ltd	1
NARI Technology Co Ltd	64
Nasdaq Inc	53
Naspers Ltd	269
Natera Inc	75
National Australia Bank Ltd	77
National Bank of Canada	123
National Bank of Greece SA	12
National Bank of Kuwait SAKP	15
National Grid PLC	99
National HealthCare Corp	1
National Petrochemical Co	4
National Storage Affiliates Trust	10
National Vision Holdings Inc	3
Natura & Co Holding SA	2
Natwest Group PLC	21
NAURA Technology Group Co Ltd	2
NAVER Corp	219
nCino Inc	10
NCR Corp	1
NCSoft Corp	24
NEC Corp	125
Nedbank Group Ltd	8
Nemak SAB de CV	3
NeoGenomics Inc	17
NEOWIZ HOLDINGS Corp	1
NEPI Rockcastle PLC	5
Neste Oyj	61
Nestle India Ltd	1
Nestle Malaysia Bhd	1
Nestle Nigeria PLC	16
Nestle SA	695
NetApp Inc	104
Netcare Ltd	4
NetDragon Websoft Holdings Ltd	2
NetEase Inc	121
Netflix Inc	463
NETSTREIT Corp	20
Neurocrine Biosciences Inc	65
Nevro Corp	48
Newborn Town Inc	2
New China Life Insurance Co Ltd	14
Newcrest Mining Ltd	2
Newell Brands Inc	18
Newmont Corp	206
News Corp	77
New World Development Co Ltd	67
New York Community Bancorp Inc	8
New York Mortgage Trust Inc	3
New York Times Co/The	6
Nexi SpA	18
Nexity SA	4
Nexon Co Ltd	20
Nexteer Automotive Group Ltd	7
NextEra Energy Inc	436
Next PLC	29
NGK Insulators Ltd	17
NGK Spark Plug Co Ltd	14
NH Foods Ltd	10
NH Investment & Securities Co Ltd	10
NHN Corp	1
Nibe Industrier AB	10
NICE Holdings Co Ltd	1
NICE Information Service Co Ltd	34
Nice Ltd	23
Nidec Corp	3
Nien Made Enterprise Co Ltd	40
Nifco Inc/Japan	3
Nigerian Breweries PLC	11
Nihon M&A Center Holdings Inc	45
Nihon Unisys Ltd	3
NIIT Ltd	3
NIKE Inc	409
Nine Entertainment Co Holdings Ltd	4
Ningbo Huaxiang Electronic Co Ltd	2
Ningxia Baofeng Energy Group Co Ltd	2
Nintendo Co Ltd	189
NIO Inc	29
Nippon Building Fund Inc	27
Nippon Electric Glass Co Ltd	1
Nippon Express Co Ltd	3
Nippon Light Metal Holdings Co Ltd	5
Nippon Paint Holdings Co Ltd	30
Nippon Prologis REIT Inc	81
Nippon Sanso Holdings Corp	37
Nippon Shinyaku Co Ltd	6
Nippon Steel Corp	26
Nippon Telegraph & Telephone Corp	291
Nippon Television Holdings Inc	18
Nippon Yusen KK	46
Nipro Corp	4
Nishi-Nippon Financial Holdings Inc	5
NiSource Inc	15
Nissan Chemical Corp	18
Nissan Motor Co Ltd	41
Nisshinbo Holdings Inc	5
Nitori Holdings Co Ltd	40
Nitto Denko Corp	32
Niu Technologies	1
NMDC Ltd	6
NN Group NV	51
Noah Holdings Ltd	17
Nobina AB	4
Nokia Oyj	99
Nomura Holdings Inc	78
Nomura Real Estate Holdings Inc	50
Nomura Real Estate Master Fund Inc	31
Nomura Research Institute Ltd	64
Nongfu Spring Co Ltd	5
Nordea Bank Abp	94
Nordic Semiconductor ASA	5
Nordson Corp	16
Nordstrom Inc	3
Norfolk Southern Corp	16
Norsk Hydro ASA	71
Northern Star Resources Ltd	3
Northern Trust Corp	2
North Huajin Chemical Industries Co Ltd	1
Northland Power Inc	1
North Pacific Bank Ltd	4
Northwest Natural Holding Co	1
NortonLifeLock Inc	85
Nova Ltd	10
Novartis AG	264
Novatek Microelectronics Corp	79
Novatek PJSC	123
Novavax Inc	13
Novolipetsk Steel PJSC	35
Novo Nordisk A/S	393
Novozymes A/S	7
NOW Inc	2
NRG Energy Inc	14
NSI NV	20
NSK Ltd	14
NS United Kaiun Kaisha Ltd	1
NTT Data Corp	48
Nucor Corp	48
Nu Skin Enterprises Inc	4
Nutanix Inc	8
Nutrien Ltd	65
NuVasive Inc	6
Nuvoco Vistas Corp Ltd	8
Nuvoton Technology Corp	8
nVent Electric PLC	1
NVIDIA Corp	686
NVR Inc	11
NXP Semiconductors NV	68
Obayashi Corp	12
Oberoi Realty Ltd	5
Obic Co Ltd	105
Ocado Group PLC	1
Occidental Petroleum Corp	43
Odakyu Electric Railway Co Ltd	21
Odontoprev SA	11
ODP Corp/The	2
Oesterreichische Post AG	1
Oil India Ltd	5
Oil Search Ltd	41
Oji Holdings Corp	2
Okamura Corp	1
Okta Inc	122
Old Dominion Freight Line Inc	24
Old Mutual Ltd	9
Old Republic International Corp	1
Olema Pharmaceuticals Inc	7
Olo Inc	5
Omega Geracao SA	10
Omnicell Inc	29
Omnicom Group Inc	55
Omron Corp	7
OMV AG	10
OneMain Holdings Inc	16
ONEOK Inc	5
Onex Corp	4
Ono Pharmaceutical Co Ltd	24
ON Semiconductor Corp	13
oOh!media Ltd	4
Ooredoo QPSC	6
OPAP SA	36
Opendoor Technologies Inc	9
Open House Co Ltd	14
Open Lending Corp	7
Open Text Corp	50
Opera Ltd	7
Opple Lighting Co Ltd	1
Oracle Corp	177
Oracle Corp Japan	18
Oracle Financial Services Software Ltd	3
Orange Polska SA	3
Orange SA	97
Orbia Advance Corp SAB de CV	2
O’Reilly Automotive Inc	261
Organon & Co	2
Orica Ltd	2
Oriental Land Co Ltd/Japan	56
Origin Energy Ltd	7
Orion Oyj	1
ORIX Corp	96
Orix JREIT Inc	1
Orkla ASA	19
Orsted AS	77
Osaka Gas Co Ltd	30
Oscar Health Inc	1
OSG Corp	9
Oshkosh Corp	3
Osstem Implant Co Ltd	19
Otis Worldwide Corp	156
OTP Bank Nyrt	132
Otsuka Corp	32
Otsuka Holdings Co Ltd	15
Outfront Media Inc	1
Outset Medical Inc	9
Ovctek China Inc	2
Oversea-Chinese Banking Corp Ltd	62
Ovintiv Inc	28
Owens Corning	18
Owens & Minor Inc	1
Owl Rock Capital Corp	1
Oxford Biomedica PLC	6
Oxford Nanopore Technologies PLC	1
Ozon Holdings PLC	21
PACCAR Inc	34
Pacific Basin Shipping Ltd	21
Packaging Corp of America	39
Page Industries Ltd	3
Pagseguro Digital Ltd	23
Pakuwon Jati Tbk PT	15
Palantir Technologies Inc	3
Palo Alto Networks Inc	141
Panasonic Corp	25
Pandora A/S	30
Pandox AB	19
Pan Pacific International Holdings Corp	29
Papa John’s International Inc	1
Parade Technologies Ltd	21
Paradise Co Ltd	4
Paramount Group Inc	2
Parex Resources Inc	13
Park24 Co Ltd	9
Parker-Hannifin Corp	77
Park Hotels & Resorts Inc	36
Parque Arauco SA	10
Partners Group Holding AG	165
Partners Ltd	2
Patrick Industries Inc	1
PAX Global Technology Ltd	5
Paychex Inc	192
Paycom Software Inc	117
Paylocity Holding Corp	35
Paymentus Holdings Inc	5
PayPal Holdings Inc	390
PCCW Ltd	3
PChome Online Inc	2
Pearl Abyss Corp	2
Pegavision Corp	4
Peloton Interactive Inc	23
Pembina Pipeline Corp	4
Penn National Gaming Inc	1
Pennon Group PLC	8
PennyMac Financial Services Inc	13
Pentair PLC	3
PepsiCo Inc	520
PeptiDream Inc	7
Per Aarsleff Holding A/S	5
Perfect World Co Ltd/China	1
PerkinElmer Inc	47
Pernod Ricard SA	217
Persimmon PLC	9
Persistent Systems Ltd	2
Persol Holdings Co Ltd	14
Personalis Inc	6
Perusahaan Gas Negara Tbk PT	1
Pet Center Comercio e Participacoes SA	1
Petco Health & Wellness Co Inc	44
PetMed Express Inc	1
Petroleo Brasileiro SA	274
Petronas Chemicals Group Bhd	9
Pets at Home Group Plc	1
Pfizer Inc	305
PG&E Corp	3
PharmaBlock Sciences Nanjing Inc	5
Pharmaceutical Co Ltd	1
Pharmaron Beijing Co Ltd	26
Phathom Pharmaceuticals Inc	5
Phillips 66	4
Phillips Carbon Black Ltd	1
Phoenix Group Holdings PLC	2
PhosAgro PJSC	6
Pick n Pay Stores Ltd	2
Pico Far East Holdings Ltd	7
Pidilite Industries Ltd	22
Piedmont Office Realty Trust Inc	2
Pigeon Corp	9
PI Industries Ltd	1
Pinduoduo Inc	103
Ping An Bank Co Ltd	174
Pinnacle West Capital Corp	19
Pinterest Inc	43
Pioneer Natural Resources Co	121
Piramal Enterprises Ltd	4
PJT Partners Inc	4
Playtech Plc	4
Plug Power Inc	27
PMV Pharmaceuticals Inc	6
PNC Financial Services Group Inc/The	10
Polaris Inc	9
Polski Koncern Naftowy ORLEN SA	9
Polymetal International PLC	26
PolyPeptide Group AG	8
Polyplex Corp Ltd	2
Polyplex Thailand PCL	5
Polyus PJSC	6
Pool Corp	38
Porto Seguro SA	9
PostNL NV	1
Pou Chen Corp	15
Power Assets Holdings Ltd	25
Power Corp of Canada	6
Power Grid Corp of India Ltd	7
Powertech Technology Inc	8
Powszechny Zaklad Ubezpieczen SA	33
PPG Industries Inc	7
PPL Corp	4
PrairieSky Royalty Ltd	7
Praj Industries Ltd	2
Praxis Precision Medicines Inc	5
Precious Shipping PCL	10
Premier Investments Ltd	4
Premier Marketing PCL	12
President Chain Store Corp	2
President Securities Corp	1
Press Metal Aluminium Holdings Bhd	1
Prestige Consumer Healthcare Inc	2
Prestige Estates Projects Ltd	17
Pretium Resources Inc	1
Prima Marine PCL	2
Primary Health Properties PLC	66
Primax Electronics Ltd	6
Primoris Services Corp	1
Principal Financial Group Inc	2
Privia Health Group Inc	4
Procore Technologies Inc	1
Procter & Gamble Co/The	727
PROG Holdings Inc	3
Progressive Corp/The	135
Progress Software Corp	10
Prologis Inc	2489
Prosegur Cash SA	8
ProSiebenSat.1 Media SE	4
Prosus NV	52
Proximus SADP	19
Prudential Financial Inc	38
Prudential PLC	209
Prysmian SpA	68
PSP Swiss Property AG	90
PTC Inc	23
PTC Therapeutics Inc	8
PTT Exploration & Production PCL	13
PTT Global Chemical PCL	76
PTT PCL	23
Public Bank Bhd	36
Publicis Groupe SA	21
Public Service Enterprise Group Inc	80
Public Storage	655
PulteGroup Inc	18
Puma SE	3
Puregold Price Club Inc	20
Pure Storage Inc	46
Qantas Airways Ltd	2
Qatar Aluminum Manufacturing Co	1
Qatar Islamic Bank SAQ	7
Qatar National Bank QPSC	71
QBE Insurance Group Ltd	110
QIAGEN NV	33
Qisda Corp	2
Qorvo Inc	46
Q Technology Group Co Ltd	3
QT Group Oyj	1
QuakeSafe Technologies Co Ltd	6
QUALCOMM Inc	249
Qualitas Controladora SAB de CV	2
Qualtrics International Inc	5
Qualys Inc	1
Quanta Computer Inc	1
Qudian Inc	3
Quest Diagnostics Inc	74
Quidel Corp	39
Radian Group Inc	1
Raia Drogasil SA	18
Raiffeisen Bank International AG	10
Rain Therapeutics Inc	3
Raizen SA	16
Rakuten Group Inc	10
Ralph Lauren Corp	19
Rambus Inc	1
Rand Merchant Investment Holdings Ltd	7
Randon SA Implementos e Participacoes	2
Randstad NV	51
Rapid7 Inc	20
Rational AG	329
Raymond James Financial Inc	189
Raymond Ltd	2
Raytron Technology Co Ltd	14
R&B Food Supply PCL	24
REA Group Ltd	18
Real Matters Inc	1
Realogy Holdings Corp	1
Realtek Semiconductor Corp	64
Realty Income Corp	298
Reckitt Benckiser Group PLC	4
REC Ltd	7
Recruit Holdings Co Ltd	250
Red Electrica Corp SA	14
Red Rock Resorts Inc	11
Reece Ltd	2
Regal Beloit Corp	2
Regency Centers Corp	183
Regeneron Pharmaceuticals Inc	244
REGENXBIO Inc	14
Regional Container Lines PCL	9
Regional SAB de CV	10
Regions Financial Corp	72
Reinsurance Group of America Inc	18
Reliance Industries Ltd	573
Reliance Steel & Aluminum Co	19
Reliance Worldwide Corp Ltd	4
RELX PLC	76
RE/MAX Holdings Inc	2
Remgro Ltd	37
Remitly Global Inc	4
Remy Cointreau SA	537
RenaissanceRe Holdings Ltd	9
Renault SA	10
Renesas Electronics Corp	87
ReNew Energy Global PLC	2
RENOVA Inc	7
Rentokil Initial PLC	2
Reply SpA	2
Repsol SA	17
Republic Services Inc	213
ResMed Inc	15
Resona Holdings Inc	29
Restaurant Brands International Inc	1
Restaurantes SA	13
Retail Opportunity Investments Corp	54
Reunert Ltd	1
Revance Therapeutics Inc	12
Rexel SA	14
Rexford Industrial Realty Inc	16
Rexon Industrial Corp Ltd	2
RFM Corp	13
RHB Bank Bhd	9
Rhythm Pharmaceuticals Inc	5
Richelieu Hardware Ltd	1
Richter Gedeon Nyrt	16
RichWave Technology Corp	22
Ricoh Co Ltd	17
Ridley Corp Ltd	9
Rightmove PLC	14
RingCentral Inc	66
Rinnai Corp	10
Rio Tinto Ltd	163
Rio Tinto PLC	305
Ritchie Bros Auctioneers Inc	1
Riyad Bank	4
Robert Half International Inc	15
Robinsons Land Corp	96
ROBLOX Corp	53
Roche Holding AG	487
Rocket Pharmaceuticals Inc	3
Rockwell Automation Inc	113
Rogers Communications Inc	66
Rohm Co Ltd	6
Roku Inc	74
Rollins Inc	570
Rolls-Royce Holdings PLC	1
Roper Technologies Inc	11
Rosneft Oil Co PJSC	57
Rossari Biotech Ltd	14
Ross Stores Inc	50
Rotork PLC	186
Royal Bank of Canada	161
Royal Caribbean Cruises Ltd	42
Royal Dutch Shell PLC	449
Royal Mail PLC	24
Royalty Pharma PLC	18
RPM International Inc	3
Rubis SCA	8
Rumo SA	67
Rush Enterprises Inc	1
Russel Metals Inc	4
RWE AG	1
Ryder System Inc	11
Ryman Hospitality Properties Inc	53
Ryohin Keikaku Co Ltd	4
S-1 Corp	7
Saab AB	1
Sabra Health Care REIT Inc	74
Safaricom PLC	18
Safestore Holdings PLC	53
Sagax AB	16
Sage Group PLC/The	35
Sage Therapeutics Inc	16
Sahara International Petrochemical Co	11
Saia Inc	2
SAIC Motor Corp Ltd	3
Sailpoint Technologies Holdings Inc	5
salesforce.com Inc	398
Salvatore Ferragamo SpA	4
Sampo Oyj	2
Samsung Biologics Co Ltd	48
Samsung C&T Corp	2
Samsung Electro-Mechanics Co Ltd	79
Samsung Electronics Co Ltd	2010
Samsung Engineering Co Ltd	7
Samsung Heavy Industries Co Ltd	1
Samsung Life Insurance Co Ltd	3
Samsung SDI Co Ltd	240
Samsung Securities Co Ltd	19
Sanderson Farms Inc	1
Sandfire Resources Ltd	3
Sands China Ltd	19
Sandvik AB	23
Sangfor Technologies Inc	24
Sankyo Co Ltd	2
Sanlam Ltd	60
Sanofi	106
Sanofi India Ltd	1
Santander Bank Polska SA	3
Santen Pharmaceutical Co Ltd	10
Santos Ltd	19
Sanyo Special Steel Co Ltd	2
Sao Martinho SA	10
SAP SE	88
SaraminHR Co Ltd	23
Sarepta Therapeutics Inc	32
Sartorius AG	25
Sartorius Stedim Biotech	74
Sa Sa International Holdings Ltd	3
Sasol Ltd	2
Saudi Arabian Mining Co	5
Saudi Basic Industries Corp	96
Saudi British Bank/The	1
Saudi Electricity Co	1
Saudi Kayan Petrochemical Co	24
Saudi National Bank/The	83
Saudi Telecom Co	46
Savills PLC	4
Sawai Group Holdings Co Ltd	15
SBA Communications Corp	204
Sberbank of Russia PJSC	633
SBI Cards & Payment Services Ltd	25
SBI Holdings Inc/Japan	7
SBI Life Insurance Co Ltd	91
Scatec ASA	14
Scentre Group	116
Schaeffler India Ltd	1
Schindler Holding AG	52
Schlumberger NV	94
Schneider Electric SE	299
Schneider National Inc	2
Scout24 AG	3
SCREEN Holdings Co Ltd	19
SCSK Corp	15
Seagate Technology Holdings PLC	70
SeaGen Inc	60
Seah Besteel Corp	3
Sealed Air Corp	42
Sea Ltd	83
SeaWorld Entertainment Inc	1
Seazen Group Ltd	1
Secom Co Ltd	29
Securitas AB	4
Security Bank Corp	3
Seegene Inc	10
Segezha Group PJSC	17
Segro PLC	960
SEI Investments Co	23
Seiko Epson Corp	46
Sekisui Chemical Co Ltd	1
Sekisui House Ltd	18
Select Medical Holdings Corp	17
Semen Indonesia Persero Tbk PT	25
Sempra Energy	70
Sendas Distribuidora SA	16
Sensient Technologies Corp	2
Sequoia Logistica e Transportes SA	8
Seres Therapeutics Inc	4
Service Corp International/US	14
ServiceNow Inc	335
SES SA	34
Seven & i Holdings Co Ltd	22
Severn Trent PLC	1
Severstal PAO	17
SF Holding Co Ltd	13
SFL Corp Ltd	4
SG Holdings Co Ltd	27
SGS SA	25
Shaftesbury PLC	9
Shandong Nanshan Aluminum Co Ltd	2
Shandong Publishing & Media Co Ltd	1
Shanghai International Airport Co Ltd	18
Shanghai Medicilon Inc	3
Shanghai Zhonggu Logistics Co Ltd	2
Sharp Corp/Japan	2
Shaw Communications Inc	1
Shenwan Hongyuan Group Co Ltd	1
Shenzhen Expressway Co Ltd	1
Shenzhen Inovance Technology Co Ltd	86
Shenzhen Kingdom Sci-Tech Co Ltd	2
Shenzhen Overseas Chinese Town Co Ltd	11
Sherwin-Williams Co/The	91
Shift4 Payments Inc	20
Shimadzu Corp	35
Shimano Inc	93
Shimao Group Holdings Ltd	48
Shimao Services Holdings Ltd	6
Shimizu Corp	2
Shin-Etsu Chemical Co Ltd	175
Shinhan Financial Group Co Ltd	29
Shinko Electric Industries Co Ltd	8
Shin Kong Financial Holding Co Ltd	1
Shinsegae Inc	2
Shinsegae International Inc	1
Shionogi & Co Ltd	2
Shiseido Co Ltd	20
Shizuoka Bank Ltd/The	6
Shockwave Medical Inc	20
Shopify Inc	261
Shoprite Holdings Ltd	40
Showa Denko KK	2
Shriram City Union Finance Ltd	2
Shufersal Ltd	3
Shurgard Self Storage SA	29
Shutterstock Inc	10
Siam Cement PCL/The	70
Siam Commercial Bank PCL/The	6
Sibanye Stillwater Ltd	30
Siemens AG	151
Siemens Energy AG	73
Siemens Ltd	3
Sight Sciences Inc	3
Signature Bank/New York NY	1
Signet Jewelers Ltd	1
Signify NV	77
Sigurd Microelectronics Corp	2
Sika AG	133
Silergy Corp	66
Silicon Motion Technology Corp	42
Silk Road Medical Inc	6
Sime Darby Bhd	6
Simon Property Group Inc	211
Simplo Technology Co Ltd	38
Simpson Manufacturing Co Inc	1
Sinch AB	1
Sinclair Broadcast Group Inc	1
Singapore Airlines Ltd	7
Singapore Exchange Ltd	32
Singapore Technologies Engineering Ltd	2
Singapore Telecommunications Ltd	182
Sino-American Silicon Products Inc	3
Sino Biopharmaceutical Ltd	96
Sino Land Co Ltd	9
Sinoma Science & Technology Co Ltd	3
SinoPac Financial Holdings Co Ltd	12
Sinopec Engineering Group Co Ltd	6
Sinopharm Group Co Ltd	6
Sinotrans Ltd	6
Sinotruk Hong Kong Ltd	20
Sirius XM Holdings Inc	19
Sistema PJSFC	9
SITC International Holdings Co Ltd	51
Six Flags Entertainment Corp	5
Skandinaviska Enskilda Banken AB	1
Skanska AB	4
SK Bioscience Co Ltd	3
Skechers USA Inc	11
SKF AB	16
SK Hynix Inc	291
SK Inc	1
SK Innovation Co Ltd	6
SK Materials Co Ltd	17
SK Telecom Co Ltd	127
SKYCITY Entertainment Group Ltd	17
Skyworks Solutions Inc	60
SLC Agricola SA	3
Sleep Number Corp	3
Sligro Food Group NV	104
SLM Corp	26
Smartsheet Inc	5
SMC Corp	83
SM Energy Co	8
SM Entertainment Co Ltd	1
Smith & Nephew PLC	17
Smiths Group PLC	42
SM Prime Holdings Inc	424
Smurfit Kappa Group PLC	32
Snam SpA	1
Snap Inc	256
Snap-on Inc	12
Snowflake Inc	40
SNT Motiv Co Ltd	2
Sociedad Quimica y Minera de Chile SA	74
Societe BIC SA	1
Societe Generale SA	45
Sodexo SA	1
Softbank Corp	160
SoftBank Group Corp	33
Sohgo Security Services Co Ltd	2
Sohu.com Ltd	6
S-Oil Corp	20
Sojitz Corp	2
Sok Marketler Ticaret AS	1
SolarEdge Technologies Inc	38
Solvay SA	11
Sompo Holdings Inc	2
Sonae SGPS SA	4
Sonata Software Ltd	2
Sonic Healthcare Ltd	54
Sonova Holding AG	39
Sony Group Corp	147
SOSiLA Logistics REIT Inc	3
Sotera Health Co	5
South32 Ltd	25
Southern Copper Corp	59
Southern Co/The	160
Southwestern Energy Co	1
Southwest Gas Holdings Inc	3
Spark Infrastructure Group	34
Spark New Zealand Ltd	20
S&P Global Inc	205
Spirax-Sarco Engineering PLC	624
Spirent Communications PLC	3
Spirit Airlines Inc	1
Splunk Inc	42
Sporton International Inc	26
Spotify Technology SA	7
Sprouts Farmers Market Inc	5
SPX FLOW Inc	281
Square Enix Holdings Co Ltd	6
Square Inc	122
SRF Ltd	54
Sri Trang Agro-Industry PCL	2
Sri Trang Gloves Thailand PCL	5
SSAB AB	2
SS&C Technologies Holdings Inc	56
SSE PLC	1
SSP Group Plc	317
Standard Bank Group Ltd	53
Standard Chartered PLC	31
Standard Motor Products Inc	1
Stanley Black & Decker Inc	96
Stanley Electric Co Ltd	16
Stantec Inc	6
Starbucks Corp	372
Starts Corp Inc	2
Starwood Property Trust Inc	3
State Bank of India	28
State Street Corp	53
Steadfast Group Ltd	4
Steel Authority of India Ltd	12
Steelcase Inc	1
Steel Dynamics Inc	53
Stellantis NV	293
STERIS PLC	545
Stifel Financial Corp	7
STMicroelectronics NV	89
Stora Enso Oyj	25
Straumann Holding AG	15
structura SAB de CV	18
Stryker Corp	182
Sturm Ruger & Co Inc	4
Subaru Corp	17
Suez SA	3
SUMCO Corp	31
Sumitomo Bakelite Co Ltd	1
Sumitomo Chemical Co Ltd	31
Sumitomo Dainippon Pharma Co Ltd	4
Sumitomo Electric Industries Ltd	38
Sumitomo Heavy Industries Ltd	16
Sumitomo Metal Mining Co Ltd	3
Sumitomo Mitsui Financial Group Inc	109
Sumitomo Mitsui Trust Holdings Inc	59
Sumitomo Rubber Industries Ltd	6
Summit Industrial Income REIT	47
Sunac China Holdings Ltd	96
Sunac Services Holdings Ltd	6
Sun Communities Inc	117
Suncorp Group Ltd	62
Sunflower Pharmaceutical Group Co Ltd	2
Sungrow Power Supply Co Ltd	40
Sun Hung Kai Properties Ltd	147
Sun Life Financial Inc	9
Sun Pharmaceutical Industries Ltd	21
Sunplus Technology Co Ltd	2
Sunrun Inc	29
Suntory Beverage & Food Ltd	40
Supalai PCL	3
Superior Plus Corp	1
Supermax Corp Bhd	4
Super Retail Group Ltd	4
Supreme Industries Ltd	8
Surgutneftegas PJSC	23
Suzano SA	1
Suzuken Co Ltd/Aichi Japan	8
Suzuki Motor Corp	9
SVB Financial Group	311
Svenska Cellulosa AB SCA	10
Svenska Handelsbanken AB	98
Swatch Group AG/The	3
Swedbank AB	34
Swire Pacific Ltd	3
Swire Properties Ltd	33
Swisscom AG	112
Swiss Life Holding AG	25
Swiss Prime Site AG	130
Swiss Re AG	30
Switch Inc	2
Symrise AG	491
Synaptics Inc	37
Synchrony Financial	175
Syndax Pharmaceuticals Inc	6
Syneos Health Inc	29
SYNNEX Corp	1
Synopsys Inc	169
Sysco Corp	24
Sysmex Corp	68
Tabcorp Holdings Ltd	12
TAG Immobilien AG	43
TaiDoc Technology Corp	1
Tainan Spinning Co Ltd	6
Taisei Corp	2
Taishin Financial Holding Co Ltd	8
Taiwan Cement Corp	1
Taiwan FamilyMart Co Ltd/Taiwan	17
Taiwan Mobile Co Ltd	7
Takashimaya Co Ltd	9
Takeda Pharmaceutical Co Ltd	94
Take-Two Interactive Software Inc	105
Tandem Diabetes Care Inc	18
Tapestry Inc	26
Target Corp	271
Tata Chemicals Ltd	1
Tata Communications Ltd	8
Tata Consultancy Services Ltd	367
Tata Consumer Products Ltd	1
Tata Elxsi Ltd	7
Tata Motors Ltd	4
Tata Steel Ltd	49
Tate & Lyle PLC	2
Tatneft PJSC	42
Taurus Armas SA	2
Taylor Morrison Home Corp	1
Taylor Wimpey PLC	49
TCI Co Ltd	9
TCL Technology Group Corp	5
TCS Group Holding PLC	52
T&D Holdings Inc	13
TDK Corp	25
Tecan Group AG	397
Tech Mahindra Ltd	78
Technip Energies NV	1
Technology Solutions Inc	29
Techtronic Industries Co Ltd	37
Teck Resources Ltd	16
TE Connectivity Ltd	64
Teijin Ltd	6
Teladoc Health Inc	18
Tele2 AB	4
Telecom Italia SpA/Milano	6
Teledyne Technologies Inc	1
Teleflex Inc	42
Telefonaktiebolaget LM Ericsson	12
Telefonica Brasil SA	8
Telefonica Deutschland Holding AG	20
Telefonica SA	59
Telekom Malaysia Bhd	3
Telenor ASA	143
Telia Co AB	9
Telkom Indonesia Persero Tbk PT	37
Telkom SA SOC Ltd	5
Telstra Corp Ltd	23
Temenos AG	2
Tempur Sealy International Inc	10
Tenaga Nasional Bhd	5
Tenaris SA	13
Tencent Holdings Ltd	1888
Tencent Music Entertainment Group	51
Tenet Healthcare Corp	42
TEN Square Games SA	2
Teradata Corp	1
Teradyne Inc	13
Terna - Rete Elettrica Nazionale	11
Ternium SA	9
Terreno Realty Corp	91
Terumo Corp	31
Tesco PLC	2
Tesla Inc	923
Teva Pharmaceutical Industries Ltd	19
Texas Instruments Inc	309
Texas Pacific Land Corp	6
Texas Roadhouse Inc	28
TFI International Inc	1
TGS ASA	69
Thai Beverage PCL	16
Thai Union Group PCL	5
Thanachart Capital PCL	2
Thermax Ltd	1
Thermo Fisher Scientific Inc	322
THK Co Ltd	1
Thomson Reuters Corp	17
Thoughtworks Holding Inc	10
Thule Group AB	3
TIM SA/Brazil	10
Tingyi Cayman Islands Holding Corp	12
Tisco Financial Group PCL	9
TIS Inc	7
Titan Co Ltd	3
TJX Cos Inc/The	319
T-Mobile US Inc	387
TMX Group Ltd	11
Toast Inc	6
Tobu Railway Co Ltd	2
Tofas Turk Otomobil Fabrikasi AS	1
Toho Co Ltd/Tokyo	8
Toho Gas Co Ltd	18
Toho Holdings Co Ltd	9
Tokai Carbon Co Ltd	4
Tokai Carbon Korea Co Ltd	15
Tokio Marine Holdings Inc	108
Tokyo Century Corp	16
Tokyo Electron Ltd	269
Tokyo Gas Co Ltd	66
Tokyo Ohka Kogyo Co Ltd	1
Tokyo Seimitsu Co Ltd	4
Tokyotokeiba Co Ltd	3
Tokyu Corp	3
Tokyu Fudosan Holdings Corp	41
Toll Brothers Inc	1
Tomra Systems ASA	317
Tongcheng-Elong Holdings Ltd	12
Tongdao Liepin Group	4
Tongkun Group Co Ltd	4
TopBuild Corp	1
Topchoice Medical Corp	13
Top Glove Corp Bhd	3
TOPPAN INC	2
Topsports International Holdings Ltd	22
Toray Industries Inc	37
Torex Gold Resources Inc	2
Toromont Industries Ltd	8
Toronto Dominion Bank	392
Toshiba Corp	3
Tosoh Corp	21
TotalEnergies SE	246
TOTO Ltd	4
Totvs SA	21
Tourmaline Oil Corp	40
Tower Bersama Infrastructure Tbk PT	16
Toyo Seikan Group Holdings Ltd	3
Toyota Motor Corp	87
Toyota Tsusho Corp	17
Toyo Tire Corp	1
Tractor Supply Co	29
Trade Desk Inc/The	7
Tradeweb Markets Inc	44
Trane Technologies PLC	132
Transcontinental Inc	1
TransDigm Group Inc	87
Transneft PJSC	4
Transurban Group	26
Travelers Cos Inc/The	114
Travere Therapeutics Inc	9
Treasury Wine Estates Ltd	19
Trelleborg AB	10
Trend Micro Inc/Japan	12
Trimble Inc	52
TriNet Group Inc	1
Trip.com Group Ltd	37
Tri Pointe Homes Inc	6
Trisura Group Ltd	4
Tritax Big Box REIT PLC	60
Triton International Ltd	12
T Rowe Price Group Inc	51
TrueBlue Inc	1
TrueCar Inc	1
True Corp PCL	1
Truist Financial Corp	181
Truworths International Ltd	7
Tryg A/S	19
Tsugami Corp	5
TTM Technologies Inc	1
TTW PCL	12
TTY Biopharm Co Ltd	4
Tube Investments of India Ltd	2
Tullow Oil PLC	11
Tung Ho Steel Enterprise Corp	2
Turkcell Iletisim Hizmetleri AS	11
Turkiye Garanti Bankasi AS	41
Turkiye Petrol Rafinerileri AS	8
Turk Telekomunikasyon AS	1
Turk Traktor ve Ziraat Makineleri AS	6
TV18 Broadcast Ltd	2
TVS Motor Co Ltd	2
Twilio Inc	126
Twist Bioscience Corp	14
Twitter Inc	102
Tyler Technologies Inc	572
TYM Corp	1
Tyra Biosciences Inc	4
Tyson Foods Inc	31
Uber Technologies Inc	110
Ubisoft Entertainment SA	26
UBS Group AG	32
UCB SA	28
UDR Inc	129
UE Furniture Co Ltd	1
UGI Corp	48
UiPath Inc	26
Ulker Biskuvi Sanayi AS	1
Ulta Beauty Inc	76
Ultrapar Participacoes SA	13
UltraTech Cement Ltd	63
Umicore SA	477
Under Armour Inc	2
Unibail-Rodamco-Westfield	111
Unicharm Corp	1
UniCredit SpA	4
Unilever PLC	131
Unimicron Technology Corp	8
Union Pacific Corp	227
Unipar Carbocloro SA	8
Unipol Gruppo SpA	11
Uni-President China Holdings Ltd	7
Uni-President Enterprises Corp	10
United Arrows Ltd	8
UnitedHealth Group Inc	619
United Integrated Services Co Ltd	30
United Internet AG	9
United Microelectronics Corp	67
United Natural Foods Inc	1
United Overseas Bank Ltd	51
United Parcel Service Inc	112
United Rentals Inc	28
United Therapeutics Corp	4
United Utilities Group PLC	1
UNITE Group PLC/The	292
Unity Software Inc	31
Univar Solutions Inc	1
Universal Display Corp	34
Universal Health Services Inc	63
Universal Music Group NV	17
Universal Robina Corp	16
Unum Group	18
Up Fintech Holding Ltd	5
UPL Ltd	36
UPM-Kymmene Oyj	10
Uponor Oyj	2
Upstart Holdings Inc	1
Upwork Inc	4
Urban Edge Properties	56
Urban Outfitters Inc	1
US Bancorp	56
US Foods Holding Corp	2
Ushio Inc	2
USI Corp	3
Uzabase Inc	3
Vail Resorts Inc	565
Vale Indonesia Tbk PT	8
Valero Energy Corp	4
Vale SA	179
Valmet Oyj	8
Valvoline Inc	2
Van Lanschot Kempen NV	55
Vantage Towers AG	15
Varonis Systems Inc	23
Varun Beverages Ltd	86
Vaxcyte Inc	4
Vedanta Ltd	9
Veeva Systems Inc	69
Ventas Inc	918
Venture Corp Ltd	4
Venustech Group Inc	19
Veolia Environnement SA	64
Verbund AG	2
VEREIT Inc	8
VeriSign Inc	74
Verisk Analytics Inc	40
Verizon Communications Inc	369
Vermilion Energy Inc	4
Vertex Pharmaceuticals Inc	291
Vertiv Holdings Co	12
Verve Therapeutics Inc	10
Vestas Wind Systems A/S	552
Vestel Elektronik Sanayi ve Ticaret AS	1
Vetropack Holding AG	2
VF Corp	36
ViacomCBS Inc	43
Viatris Inc	8
Viavi Solutions Inc	35
Vicinity Centres	19
VICI Properties Inc	152
Victoria’s Secret & Co	2
Victory Capital Holdings Inc	2
Vietnam Dairy Products JSC	21
Vinci SA	117
Vincom Retail JSC	17
Vingroup JSC	7
Vipshop Holdings Ltd	25
Vir Biotechnology Inc	4
Virgin Money UK PLC	4
Virtu Financial Inc	3
Visa Inc	770
Viscofan SA	239
Vista Outdoor Inc	2
Vistra Corp	5
Visual Photonics Epitaxy Co Ltd	6
Vitrolife AB	4
Viva Energy Group Ltd	3
Vivendi SE	7
VMware Inc	57
Vodacom Group Ltd	5
Vodafone Group PLC	48
voestalpine AG	1
Volkswagen AG	159
Voltronic Power Technology Corp	32
Volvo AB	58
Vonovia SE	1146
Vontier Corp	6
Vornado Realty Trust	10
Voya Financial Inc	61
VTech Holdings Ltd	1
Vulcan Materials Co	72
Wacker Neuson SE	1
Wacoal Holdings Corp	9
Walgreens Boots Alliance Inc	77
Wal-Mart de Mexico SAB de CV	119
Walt Disney Co/The	259
Wan Hai Lines Ltd	40
Wanhua Chemical Group Co Ltd	147
Warehouses De Pauw CVA	22
Washington Federal Inc	3
Waste Connections Inc	120
Waste Management Inc	247
Waters Corp	83
Watts Water Technologies Inc	1
Wayfair Inc	2
Waypoint REIT	6
WD-40 Co	288
WealthNavi Inc	6
Webcash Corp	11
Webzen Inc	2
WEC Energy Group Inc	72
WEG SA	34
Weibo Corp	32
Weichai Power Co Ltd	33
Welcia Holdings Co Ltd	34
Wells Fargo & Co	375
Welltower Inc	37
Welspun India Ltd	1
Wendel SE	39
Wendy’s Co/The	12
Werner Enterprises Inc	19
WESCO International Inc	1
Wesfarmers Ltd	9
West China Cement Ltd	1
Western Digital Corp	65
Western Midstream Partners LP	10
Western Union Co/The	76
West Fraser Timber Co Ltd	3
West Japan Railway Co	5
Westlake Chemical Corp	1
Westpac Banking Corp	74
West Pharmaceutical Services Inc	818
Westports Holdings Bhd	10
Westrock Co	55
Weyerhaeuser Co	6
Wharf Holdings Ltd/The	4
Wharf Real Estate Investment Co Ltd	296
Wheaton Precious Metals Corp	121
WH Group Ltd	11
Whirlpool Corp	25
Whitecap Resources Inc	5
Wienerberger AG	1
Williams Cos Inc/The	67
Williams-Sonoma Inc	15
Willis Towers Watson PLC	26
Winbond Electronics Corp	6
Wingtech Technology Co Ltd	18
Wintrust Financial Corp	2
Wipro Ltd	96
Wisdom Marine Lines Co Ltd	5
Wise PLC	36
Wix.com Ltd	34
Wizz Air Holdings Plc	14
Wm Morrison Supermarkets PLC	1
WNS Holdings Ltd	14
Wolters Kluwer NV	23
WONIK IPS Co Ltd	29
Woodside Petroleum Ltd	84
Woolworths Group Ltd	18
Woolworths Holdings Ltd/South Africa	5
Woori Financial Group Inc	10
Woori Technology Investment Co Ltd	1
Workday Inc	188
Workman Co Ltd	6
Workspace Group PLC	32
World Acceptance Corp	3
Worldline SA/France	1
Worley Ltd	8
WP Carey Inc	107
WPP PLC	16
W R Berkley Corp	130
WSP Global Inc	4
Wuliangye Yibin Co Ltd	207
WuXi AppTec Co Ltd	127
Wuxi Biologics Cayman Inc	247
WW Grainger Inc	9
WW International Inc	1
Wyndham Hotels & Resorts Inc	6
Wynn Macau Ltd	10
X5 Retail Group NV	24
Xcel Energy Inc	82
Xebio Holdings Co Ltd	5
Xero Ltd	14
Xerox Holdings Corp	3
Xiaomi Corp	27
Xilinmen Furniture Co Ltd	1
Xilinx Inc	10
Xinyi Glass Holdings Ltd	52
Xinyi Solar Holdings Ltd	1
Xior Student Housing NV	19
XPeng Inc	2
XP Inc	8
XPO Logistics Inc	4
Xtep International Holdings Ltd	3
Xylem Inc/NY	60
Yageo Corp	43
Yakult Honsha Co Ltd	1
Yamada Holdings Co Ltd	43
Yamaha Corp	27
Yamaha Motor Co Ltd	8
Yamana Gold Inc	2
Yamato Holdings Co Ltd	12
Yandex NV	195
Yang Ming Marine Transport Corp	24
Yangzijiang Shipbuilding Holdings Ltd	13
Yanlord Land Group Ltd	1
Yara International ASA	25
Yaskawa Electric Corp	405
Yealink Network Technology Corp Ltd	45
Yelp Inc	5
YETI Holdings Inc	6
Yokogawa Electric Corp	5
Yokohama Rubber Co Ltd/The	3
Yonyou Network Technology Co Ltd	10
Yuanta Financial Holding Co Ltd	37
Yuexiu Property Co Ltd	2
Yuhan Corp	6
Yum! Brands Inc	38
Yum China Holdings Inc	38
Yunnan Aluminium Co Ltd	5
Yunnan Energy New Material Co Ltd	39
Yutong Bus Co Ltd	2
Zai Lab Ltd	28
Zalando SE	83
ZBOM Home Collection Co Ltd	2
Zebra Technologies Corp	703
Zee Entertainment Enterprises Ltd	18
Zehnder Group AG	1
Zendesk Inc	60
Zenkoku Hosho Co Ltd	15
Zensar Technologies Ltd	1
Zeon Corp	4
Zhejiang Huayou Cobalt Co Ltd	4
Zhejiang JIULI Hi-tech Metals Co Ltd	1
Zhejiang Juhua Co Ltd	2
Zhejiang Orient Gene Biotech Co Ltd	2
Z Holdings Corp	19
Zhongshan Broad Ocean Motor Co Ltd	1
Zhongsheng Group Holdings Ltd	200
Zhuzhou CRRC Times Electric Co	1
Zhuzhou Kibing Group Co Ltd	13
Zillow Group Inc	46
Zimmer Biomet Holdings Inc	56
Zoetis Inc	203
Zogenix Inc	4
Zomato Ltd	3
ZoomInfo Technologies Inc	20
Zoom Video Communications Inc	153
zooplus AG	1
ZOZO Inc	40
Zscaler Inc	31
ZTE Corp	8
ZTO Express Cayman Inc	1
Zuora Inc	1
Zurich Insurance Group AG	6
Zymergen Inc	4
Zymeworks Inc	2
Zynga Inc	6
