ADANI ENTERPRISES LTD	India	2047973	Trading Companies & Distributors	0	0	Adani Enterprises Ltd	India
ADANI PORTS AND SPECIAL ECON	India	10259574	Transportation Infrastructure	0	0	-	-	Adani Ports and Special Economic Zone Ltd (APSEZ)	India	Adani Ports and Special Economic Zone Ltd 	India
ADANI TRANSMISSION	India	927470	Electric Utilities	0	0	-	-	-	-	Adani Transmission Ltd	India
ADARO ENERGY TBK PT	Indonesië	3418736	Oil, Gas & Consumable Fuels	0	0	-	-	-	-	PT Adaro Energy Tbk	Indonesia
AES CORP	Verenigde Staten	15191081	Independent Power and Renewable Electricity Producers	0	0	-	-	AES Corporation	USA	The AES Corp	USA
AGL ENERGY LTD	Australië	7638530	Multi-Utilities	0	0	-	-	-	-	AGL Energy Ltd	Australia
AIR PRODUCTS & CHEMICALS INC	Verenigde Staten	404632	Chemicals	0	0	-	-	-	-	Air Products And Chemicals Inc	USA
Aker BP ASA	Noorwegen	2026126	Oil, Gas & Consumable Fuels	5431685	Energy	Aker BP ASA	Norway	-	-	-	-
ALLETE INC	Verenigde Staten	0	0	284187	Utilities	-	-	-	-	ALLETE Inc	USA
ALLIANT ENERGY CORP	Verenigde Staten	103768	Electric Utilities	0	0	-	-	-	-	Alliant Energy Corp	USA
ALUMINUM CORP CHN.	China	140552	Metals & Mining	0	0	-	-	-	-	Aluminum Corporation of China Ltd	China
AMEREN CORPORATION	Verenigde Staten	23682970	Multi-Utilities	0	0	-	-	-	-	Ameren Corp	USA
AMERICAN ELECTRIC POWER	Verenigde Staten	379015	Electric Utilities	0	0	-	-	-	-	American Electric Power Co Inc (AEP) 	USA
ANTERO MIDSTREAM C	Verenigde Staten	48025	Oil, Gas & Consumable Fuels	0	0	Antero Resources Corporation	USA	-	-	-	-
APA GROUP	Australië	5362943	Gas Utilities	8129666	Utilities	-	-	APA Group	Australia	-	-
ASTRA INTERNATIONAL TBK PT	Indonesië	15258338	Automobiles	8020429	Automobiles & Components	-	-	-	-	PT Astra International Tbk	Indonesia
Aurizon Holdings Ltd	Australië	37960326	Road & Rail	24905258	Transportation	-	-	-	-	Aurizon Holdings Ltd	Australia
AUROBINDO PHARMA LTD	India	3183609	Pharmaceuticals	3982438	Pharmaceuticals, Biotechnology & Life Sciences	-	-	-	-	Aurobindo Reality and Infrastructure Pvt Ltd	India
AYALA CORPORATION	Filipijnen	6764126	Industrial Conglomerates	4876812	Capital Goods	-	-	-	-	Ayala Corp	Philippines
BANCO BTG PACTUAL	Brazilië	8188536	Capital Markets	2515373	Diversified Financials	Banco BTG Pactual SA	Brazil	-	-	-	-
BARRICK GOLD CORP	Canada	38802115	Metals & Mining	0	0	-	-	Barrick Gold Corporation	Canada	-	-
BEACH ENERGY LTD NPV	Australië	1877370	Oil, Gas & Consumable Fuels	0	0	Beach Energy Ltd	Australia	-	-	-	-
BEIJING ENTERPRISE	China	3566793	Gas Utilities	4238455	Utilities	-	-	Beijing Enterprises Holdings Ltd	China (Hong Kong)	-	-
BERKSHIRE HATHAWAY INC-CL A	Verenigde Staten	109023851	Diversified Financial Services	122364407	Diversified Financials	-	-	-	-	Berkshire Hathaway Energy Co	USA
BERKSHIRE HATHAWAY INC-CL B	Verenigde Staten	244457368	Diversified Financial Services	432000147	Diversified Financials	-	-	-	-	Berkshire Hathaway Energy Co	USA
BHARAT HEAVY ELECTRICALS	India	1375939	Electrical Equipment	2483343	Capital Goods	-	-	-	-	Bharat Heavy Electricals Ltd 	India
BHARAT PETROLEUM CORP LTD	India	28822326	Oil, Gas & Consumable Fuels	14178631	Energy	Bharat Petroleum Corporation Ltd	India	Bharat Petroleum Corporation Ltd	India	-	-
BHP BILLITON LIMITED	Australië	99902960	Metals & Mining	124656954	Materials	-	-	-	-	BHP Group Ltd	Australia
BHP GROUP PLC	Australië	68183562	Metals & Mining	101193805	Materials	-	-	-	-	BHP Group plc	United Kingdom
BLACKSTONE GRP INC	Verenigde Staten	1003343	Capital Markets	0	0	Blackstone Energy Partners	USA	-	-	-	-
BP PLC	Verenigd Koninkrijk	137934659	Oil, Gas & Consumable Fuels	84398595	Energy	BP plc	United Kingdom	BP plc	United Kingdom	-	-
CANADIAN NATURAL RESOURCES	Canada	440174	Oil, Gas & Consumable Fuels	0	0	Canadian Natural Resources Ltd (CNRL)	Canada	-	-	-	-
CENOVUS ENERGY INC	Canada	152901	Oil, Gas & Consumable Fuels	0	0	Cenovus Energy Inc	Canada	-	-	-	-
CENTERPOINT ENERGY INC	Verenigde Staten	18956160	Multi-Utilities	19633938	Utilities	-	-	-	-	CenterPoint Energy Inc	USA
CESC	India	2134415	Electric Utilities	0	0	-	-	-	-	CESC Ltd	India
CEZ AS	Tsjechië	11703685	Electric Utilities	0	0	-	-	-	-	CEZ AS	Czech Republic
CHAOZHOU THREE-CIR	China	201664	Electronic Equipment, Instruments & Components	216330	Technology Hardware & Equipment	-	-	Chaozhou Huafeng Group Co Ltd	China	-	-
CHAPARRAL ENERGY INC COMMON STOCK	Verenigde Staten	0	0	63426	Not specified	Chaparral Energy Inc	USA	-	-	-	-
CHENIERE ENERGY INC	Verenigde Staten	16449337	Oil, Gas & Consumable Fuels	150039	Energy	-	-	Cheniere Energy Inc	USA	-	-
CHEVRON CORP	Verenigde Staten	357140350	Oil, Gas & Consumable Fuels	252894490	Energy	Chevron Corporation	USA	-	-	-	-
CHINA COAL ENERGY	China	0	0	122813	Energy	-	-	-	-	China Coal Energy Co Ltd	China
CHINA COAL ENERGY CO-H	China	810883	Oil, Gas & Consumable Fuels	0	0	-	-	-	-	China Coal Energy Co Ltd	China
CHINA COMM CONSTR	China	137123	Construction & Engineering	661807	Capital Goods	China Communications Construction Company Ltd	China	-	-	-	-
CHINA COMMUNICATIONS CONST-H	China	8922184	Construction & Engineering	0	0	China Communications Construction Company Ltd	China	-	-	-	-
CHINA GAS HOLDINGS	China	0	0	17510307	Utilities	-	-	China Gas Holdings Ltd	China (Hong Kong)	-	-
CHINA GAS HOLDINGS	Hongkong	10791448	Gas Utilities	0	0	-	-	China Gas Holdings Ltd	China (Hong Kong)	-	-
CHINA HONGQIAO GROUP LTD	China	657411	Metals & Mining	0	0	-	-	-	-	China Hongqiao Group Ltd	China
CHINA MACHINERY ENGINEERIN-H	China	272387	Construction & Engineering	0	0	-	-	-	-	China Machinery Engineering Corp (CMEC)	China
CHINA PETROLEUM & CHEMICAL-H	China	47084993	Oil, Gas & Consumable Fuels	0	0	China Petroleum & Chemical Corporation (Sinopec Corp)	China	China Petroleum & Chemical Corporation (Sinopec Corp)	China	-	-
CHINA PETROLEUM &	China	2003166	Oil, Gas & Consumable Fuels	0	0	China Petroleum & Chemical Corporation (Sinopec Corp)	China	China Petroleum & Chemical Corporation (Sinopec Corp)	China	-	-
CHINA SHENHUA ENER	China	1432955	Oil, Gas & Consumable Fuels	0	0	China Shenhua Energy Company Ltd	China	-	-	China Shenhua Energy Co Ltd (CSEC/China Shenhua)	China
CHINA SHENHUA ENERGY CO-H	China	2293129	Oil, Gas & Consumable Fuels	1935846	Energy	China Shenhua Energy Company Ltd	China	-	-	China Shenhua Energy Co Ltd (CSEC/China Shenhua)	China
CHUBU ELECTRIC POWER CO INC	Japan	8274570	Electric Utilities	150217	Utilities	-	-	-	-	Chubu Electric Power Co Inc	Japan
CHUGOKU ELECTRIC POWER CO	Japan	2748246	Electric Utilities	0	0	-	-	-	-	Chugoku Electric Power Co Inc 	Japan
CIMAREX ENERGY CO	Verenigde Staten	134429	Oil, Gas & Consumable Fuels	0	0	Cimarex Energy Co	USA	-	-	-	-
CITIC Ltd	China	20992016	Industrial Conglomerates	9758655	Capital Goods	-	-	-	-	CITIC Ltd	China (Hong Kong)
CK INFRASTRUCTURE	Hongkong	6564292	Electric Utilities	0	0	-	-	CK Infrastructure Holdings Ltd	China (Hong Kong)	-	-
CLP HOLDINGS LTD	Hongkong	10753252	Electric Utilities	0	0	-	-	-	-	CLP Holdings Ltd	China (Hong Kong)
CMS ENERGY CORP	Verenigde Staten	20147673	Multi-Utilities	2156908	Utilities	-	-	-	-	CMS Energy Corp	USA
CNOOC LTD	China	88860671	Oil, Gas & Consumable Fuels	3859590	Energy	CNOOC Ltd	China	CNOOC Ltd	China	-	-
COAL INDIA LTD	India	5078070	Oil, Gas & Consumable Fuels	0	0	-	-	-	-	Coal India Ltd	India
CONCHO RESOURCES INC	Verenigde Staten	21131265	Oil, Gas & Consumable Fuels	0	0	Concho Resources Inc	USA	-	-	-	-
CONOCOPHILLIPS	Verenigde Staten	99678807	Oil, Gas & Consumable Fuels	0	0	ConocoPhillips	USA	-	-	-	-
CONTINENTAL RESOURCES INC/OK	Verenigde Staten	3717989	Oil, Gas & Consumable Fuels	0	0	Continental Resources Inc	USA	-	-	-	-
COSAN SA INDUSTRIA COMERCIO	Brazilië	10453402	Oil, Gas & Consumable Fuels	4132325	Energy	-	-	Cosan SA	Brazil	-	-
DANA GAS	Verenigde Arabische Emiraten	3126685	Oil, Gas & Consumable Fuels	2367636	Energy	Dana Gas PJSC	UAE	-	-	-	-
DAQIN RAILWAY CO	China	304452	Road & Rail	815153	Transportation	-	-	-	-	Daqin Railway Co Ltd	China
DEVON ENERGY CORP	Verenigde Staten	12685657	Oil, Gas & Consumable Fuels	0	0	Devon Energy Corporation	USA	-	-	-	-
DIAMONDBACK ENER I	Verenigde Staten	10053578	Oil, Gas & Consumable Fuels	21798645	Energy	Diamondback Energy Inc	USA	-	-	-	-
DMCI HLDGS INC	Filipijnen	227340	Industrial Conglomerates	211657	Capital Goods	-	-	-	-	DMCI Holdings Inc	Philippines
Dominion Energy Inc	Verenigde Staten	75961503	Multi-Utilities	1614703	Utilities	-	-	-	-	Dominion Energy Inc	USA
DONGFANG ELECT COR	China	158410	Electrical Equipment	4258989	Capital Goods	-	-	-	-	Dongfang Electric Corp (DEC)	China
DOOSAN HEAVY INDUSTRIES	Zuid-Korea	392476	Electrical Equipment	3557056	Capital Goods	-	-	-	-	Doosan Heavy Industries & Construction Co Ltd	South Korea
DTE ENERGY COMPANY	Verenigde Staten	23173092	Multi-Utilities	144075	Utilities	-	-	-	-	DTE Energy Co	USA
DUKE ENERGY CORP	Verenigde Staten	522107	Electric Utilities	0	0	-	-	-	-	Duke Energy Corp	USA
ECOPETROL SA	Colombia	4990609	Oil, Gas & Consumable Fuels	2362482	Energy	Ecopetrol SA	Colombia	-	-	-	-
ELECTRIC POWER DEVELOPMENT C	Japan	83517	Independent Power and Renewable Electricity Producers	0	0	-	-	-	-	J-POWER (Electric Power Development Co Ltd)	Japan
EMPRESA NACIONAL DE TELECOM	Chili	419716	Wireless Telecommunication Services	225299	Telecommunication Services	Empresa Nacional del Petróleo (ENAP)	Chile	-	-	-	-
ENBRIDGE INC	Canada	121795055	Oil, Gas & Consumable Fuels	148589948	Energy	-	-	Enbridge Inc	Canada	-	-
ENDESA SA	Spanje	22885220	Electric Utilities	13065472	Utilities	-	-	-	-	Endesa Capital SA 	Spain
ENDESA SA	Spanje	22885220	Electric Utilities	13065472	Utilities	-	-	-	-	Endesa Financiación Filiales SA	Spain
ENEL SPA	Italië	105255003	Electric Utilities	88202302	Utilities	-	-	Enel SpA	Italy	Enel SpA	Italy
ENERGEAN OIL & GAS	Verenigd Koninkrijk	507606	Oil, Gas & Consumable Fuels	0	0	Energean plc	United Kingdom	-	-	-	-
ENGIE	Frankrijk	41719293	Multi-Utilities	28894586	Utilities	-	-	Engie SA	France	-	-
ENI SPA	Italië	69007553	Oil, Gas & Consumable Fuels	143260	Energy	Eni SpA	Italy	Eni SpA	Italy	-	-
EOG RESOURCES INC	Verenigde Staten	42474599	Oil, Gas & Consumable Fuels	71632501	Energy	EOG Resources Inc	USA	-	-	-	-
EQUINOR ASA	Noorwegen	44883588	Oil, Gas & Consumable Fuels	22623964	Energy	Equinor ASA	Norway	Equinor ASA	Norway	-	-
EVERGY INC	Verenigde Staten	146282	Electric Utilities	0	0	-	-	-	-	Evergy Inc	USA
EXXARO RESOURCES LTD	Zuid-Afrika	579205	Oil, Gas & Consumable Fuels	0	0	-	-	-	-	Exxaro Resources Ltd	South Africa
EXXON MOBIL CORP	Verenigde Staten	14140527	Oil, Gas & Consumable Fuels	0	0	Exxon Mobil Corporation	USA	Exxon Mobil Corporation	USA	-	-
FIRSTENERGY CORP	Verenigde Staten	175886	Electric Utilities	0	0	-	-	-	-	FirstEnergy Corp	USA
FORMOSA PLASTICS CORP	Taiwan	53540440	Chemicals	4434091	Materials	-	-	-	-	Formosa Heavy Industries Corp	Taiwan
FORTIS INC	Canada	29933829	Electric Utilities	33187959	Utilities	-	-	-	-	Fortis Inc	Canada
FOSUN INTERNATIONAL	China	4968726	Industrial Conglomerates	3365062	Capital Goods	Fosun International Ltd	China	-	-	-	-
GAIL INDIA LTD	India	7135413	Gas Utilities	7802783	Utilities	GAIL (India) Ltd	India	GAIL (India) Ltd	India	-	-
GALP ENERGIA SGPS SA	Portugal	12592402	Oil, Gas & Consumable Fuels	5509022	Energy	Galp Energia SGPS SA	Portugal	Galp Energia SGPS SA	Portugal	-	-
GD POWER DEVELOPME	China	264688	Independent Power and Renewable Electricity Producers	0	0	-	-	-	-	GD Power Development Co Ltd	China
GENERAL ELECTRIC CO	Verenigde Staten	66958575	Industrial Conglomerates	84435397	Capital Goods	-	-	General Electric Company	USA	Portland General Electric Co	USA
GENTING BHD	Maleisië	7203049	Hotels, Restaurants & Leisure	6535258	Consumer Services	Genting Berhad 	Malaysia	-	-	Genting Berhad	Malaysia
GLENCORE PLC	Zwitserland	34989354	Metals & Mining	0	0	-	-	-	-	Glencore PLC	Switzerland
GMR INFRASTRUCTURE LTD	India	414038	Transportation Infrastructure	567773	Transportation	-	-	-	-	GMR Infrastructure Ltd	India
GRUPA LOTOS S.A.	Polen	3173103	Oil, Gas & Consumable Fuels	313260	Energy	Grupa LOTOS SA	Poland	-	-	-	-
GS HOLDINGS	Zuid-Korea	8063493	Oil, Gas & Consumable Fuels	825573	Energy	GS Holdings Corp	South Korea	-	-	-	-
GUANGDONG ELECTRIC POWER-B	China	454406	Independent Power and Renewable Electricity Producers	0	0	-	-	-	-	Guangdong Electric Power Development Co Ltd	China
GULFPORT ENERGY CO	Verenigde Staten	0	0	1065085	Energy	Gulfport Energy Corporation	USA 	-	-	-	-
HARBOUR ENERGY PLC	Verenigd Koninkrijk	0	0	1504891	Energy	Harbour Energy plc	United Kingdom	-	-	-	-
HIDROVIAS BRASIL S	Brazilië	0	0	162564	Transportation	-	-	Hidrovias do Brasil SA	Brazil	-	-
HINDALCO INDUSTRIES LTD	India	4193177	Metals & Mining	0	0	-	-	-	-	Hindalco Industries Ltd	India
HINDUSTAN PETROLEUM CORP	India	10807753	Oil, Gas & Consumable Fuels	7044714	Energy	-	-	Hindustan Petroleum Corporation Ltd	India	-	-
HOKKAIDO ELECTRIC POWER CO	Japan	29895	Electric Utilities	0	0	-	-	-	-	Hokkaido Electric Power Co Inc	Japan
HUANENG POWER INTL	China	123596	Independent Power and Renewable Electricity Producers	0	0	-	-	-	-	Huaneng Power International INC	China
HUSKY ENERGY INC	Canada	65998	Oil, Gas & Consumable Fuels	0	0	Husky Energy Inc	Canada	-	-	-	-
IDEMITSU KOSAN CO LTD	Japan	4960498	Oil, Gas & Consumable Fuels	7019819	Energy	-	-	-	-	Idemitsu Kosan Co Ltd	Japan
IMPERIAL OIL LTD	Canada	19201984	Oil, Gas & Consumable Fuels	0	0	Imperial Oil Ltd	Canada	-	-	-	-
INDIAN OIL CORP LTD	India	13037518	Oil, Gas & Consumable Fuels	8203653	Energy	Indian Oil Corporation Ltd	India	Indian Oil Corporation Ltd	India	-	-
INDIAN RAILWAY CAT	India	0	0	1852964	Commercial  & Professional Services	-	-	-	-	Indian Railways	India
INDIAN RAILWAY FIN	India	0	0	206906	Diversified Financials	-	-	-	-	Indian Railway Finance Corp	India
INNER MONGOLIA BAO	China	222945	Metals & Mining	0	0	-	-	-	-	Inner Mongolia Baoli Coal Co Ltd	China
INNER MONGOLIA JUN	China	0	0	107489	Materials	-	-	-	-	Inner Mongolia Junzheng Energy & Chemical Group Co Ltd	China
INPEX CORP	Japan	9555012	Oil, Gas & Consumable Fuels	7752926	Energy	INPEX Corporation	Japan	INPEX Corporation	Japan	-	-
ITOCHU CORP	Japan	67772506	Trading Companies & Distributors	92294903	Capital Goods	ITOCHU Corporation	Japan	ITOCHU Corporation	Japan	ITOCHU Corp	Japan
JAPAN PETROLEUM EXPLORATION	Japan	2745688	Oil, Gas & Consumable Fuels	0	0	Japan Petroleum Exploration Co Ltd (JAPEX)	Japan	-	-	-	-
JARDINE CYCLE & CARRIAGE LTD	Singapore	8616383	Distributors	3599824	Retailing	-	-	-	-	Jardine Cycle & Carriage Ltd	Singapore
JG SUMMIT HLDGS	Filipijnen	6490195	Industrial Conglomerates	3785809	Capital Goods	-	-	-	-	JG Summit Holdings Inc	Philippines
KANSAI ELECTRIC POWER CO INC	Japan	6360016	Electric Utilities	9184207	Utilities	-	-	The Kansai Electric Power Company Inc (KEPCO)	Japan	Kansai Electric Power Co Inc	Japan
KINDER MORGAN INC	Verenigde Staten	67776380	Oil, Gas & Consumable Fuels	87605028	Energy	-	-	Kinder Morgan Inc	USA	-	-
KKR & CO INC	Verenigde Staten	0	0	22230496	Diversified Financials	-	-	KKR & Co Inc	USA	-	-
KOBE STEEL LTD	Japan	3883	Metals & Mining	0	0	-	-	-	-	Kobe Steel Ltd	Japan
KOREA ELECTRIC POWER CORP	Zuid-Korea	147038	Electric Utilities	0	0	-	-	-	-	Korea Electric Power Corp (KEPCO)	South Korea
KOREA GAS CORPORATION	Zuid-Korea	395371	Gas Utilities	1305913	Utilities	Korea Gas Corporation (KOGAS)	South Korea	Korea Gas Corporation (KOGAS)	South Korea	-	-
KUNLUN ENERGY CO LTD	China	9505669	Gas Utilities	6347863	Utilities	KunLun Energy Company Ltd	China (Hong Kong)	-	-	-	-
KYUSHU ELECTRIC POWER CO INC	Japan	1959131	Electric Utilities	4850286	Utilities	-	-	-	-	Kyushu Electric Power Co Inc	Japan
LARSEN AND TOUBRO	India	413370	IT Services	0	0	-	-	-	-	Larsen & Toubro Ltd	India
LG CORP	Zuid-Korea	8062751	Industrial Conglomerates	10045867	Capital Goods	-	-	-	-	LG International Corp	South Korea
L&T FINANCE HOLDIN	India	436959	Diversified Financial Services	0	0	-	-	-	-	L&T Finance Holdings Ltd	India
LUNDIN PETROLEUM AB	Zweden	8871379	Oil, Gas & Consumable Fuels	16267405	Energy	Lundin Energy AB	Sweden	-	-	-	-
MANILA ELETRIC CO	Filipijnen	3565999	Electric Utilities	2290026	Utilities	-	-	-	-	Manila Electric Co (MERALCO)	Philippines
MARATHON PETROLEUM CORP	Verenigde Staten	44861820	Oil, Gas & Consumable Fuels	57671478	Energy	Marathon Oil Corporation	USA	-	-	-	-
MARUBENI CORP	Japan	19739805	Trading Companies & Distributors	19888047	Capital Goods	Marubeni Corporation	Japan	Marubeni Corporation	Japan	Marubeni Corp	Japan
MDU RESOURCES GROUP INC	Verenigde Staten	6678798	Multi-Utilities	284750	Utilities	-	-	MDU Resources Group Inc	USA	-	-
METRO PACIFIC INVE	Filipijnen	2947150	Diversified Financial Services	1715847	Diversified Financials	-	-	-	-	Metro Pacific Investments Corp 	Philippines
MITSUBISHI CORP	Japan	49527268	Trading Companies & Distributors	48678120	Capital Goods	-	-	-	-	Mitsubishi Corp Energy Solutions Co Ltd	Japan
MITSUI & CO LTD	Japan	30104483	Trading Companies & Distributors	37663897	Capital Goods	Mitsui & Co Ltd	Japan	Mitsui & Co Ltd	Japan	-	-
MOL HUNGARIAN OIL	Hongarije	11943183	Oil, Gas & Consumable Fuels	6126452	Energy	MOL NyRt	Hungary	MOL NyRt	Hungary	-	-
NEW JERSEY RES CP	Verenigde Staten	0	0	281824	Utilities	-	-	New Jersey Resources Corporation	USA	-	-
NEXTERA ENERGY INC	Verenigde Staten	139916816	Electric Utilities	0	0	-	-	NextEra Energy Inc	USA	-	-
NICKEL MINES LTD	Australië	331063	Metals & Mining	0	0	-	-	-	-	Nickel Mines Ltd	Australia
NIPPON STEEL & SUMITOMO META	Japan	184655	Metals & Mining	94114	Materials	-	-	-	-	Nippon Steel Corp	Japan
NISOURCE INC	Verenigde Staten	5256758	Multi-Utilities	9366583	Utilities	-	-	-	-	NiSource Inc	USA
NOBLE ENERGY INC	Verenigde Staten	10987733	Oil, Gas & Consumable Fuels	0	0	Noble Energy Inc	USA	Noble Energy Inc	USA	-	-
NRG ENERGY INC	Verenigde Staten	96405	Independent Power and Renewable Electricity Producers	0	0	-	-	-	-	NRG Energy Inc	USA
OCEANWIDE HOLDINGS	China	0	0	47601	Diversified Financials	-	-	-	-	China Oceanwide Holdings Ltd	China (Hong Kong)
OCI CO LTD	Zuid-Korea	33785	Chemicals	0	0	-	-	-	-	OCI SE	South Korea
OIL INDIA LTD	India	3102320	Oil, Gas & Consumable Fuels	2804826	Energy	Oil India Ltd	India	Oil India Ltd	India	-	-
OIL SEARCH LTD	Australië	3325399	Oil, Gas & Consumable Fuels	5147126	Energy	Oil Search Ltd	Papua New Guinea	Oil Search Ltd	Papua New Guinea	-	-
OMV AG	Oostenrijk	24852297	Oil, Gas & Consumable Fuels	8913700	Energy	OMV AG	Austria	-	-	-	-
ONEOK INC	Verenigde Staten	29077475	Oil, Gas & Consumable Fuels	647458	Energy	-	-	ONEOK Inc	USA	-	-
ORIGIN ENERGY LTD	Australië	126698	Oil, Gas & Consumable Fuels	0	0	Origin Energy Ltd	Australia	-	-	Origin Energy Ltd	Australia
OSAKA GAS CO LTD	Japan	8384343	Gas Utilities	25414171	Utilities	Osaka Gas Co Ltd (Daigas Group)	Japan	Osaka Gas Co Ltd (Daigas Group)	Japan	-	-
PAKISTAN PETROLEUM LTD	Pakistan	2329246	Oil, Gas & Consumable Fuels	215319	Energy	Pakistan Petroleum Ltd (PPL)	Pakistan	-	-	-	-
PEMBINA PIPELINE CORP	Canada	28503101	Oil, Gas & Consumable Fuels	19715147	Energy	-	-	Pembina Pipeline Corporation	Canada	-	-
PETRONET LNG	India	7356377	Oil, Gas & Consumable Fuels	5482920	Energy	-	-	Petronet LNG Ltd	India	-	-
PINGDINGSHAN TIANA	China	3393709	Oil, Gas & Consumable Fuels	0	0	-	-	-	-	Pingdingshan Tianan Coal Mining Co Ltd	China
PIONEER NATURAL RESOURCES CO	Verenigde Staten	0	0	32646046	Energy	Pioneer Natural Resources Company	USA	-	-	-	-
POLSKIE GORNICTWO NAFTOWE I	Polen	2249929	Oil, Gas & Consumable Fuels	0	0	Polskie Górnictwo Naftowe i Gazownictwo SA (PGNiG)	Poland	Polskie Górnictwo Naftowe i Gazownictwo SA (PGNiG)	Poland	Polskie Górnictwo Naftowe i Gazownictwo SA	Poland
POLSKI KONCERN NAFTOWY ORLEN	Polen	8966	Oil, Gas & Consumable Fuels	0	0	Polski Koncern Naftowy ORLEN SA (PKN ORLEN)	Poland	-	-	-	-
POSCO	Zuid-Korea	1572610	Metals & Mining	4376250	Materials	Posco International Corporation	South Korea	-	-	Posco	South Korea
POWER CONSTR CHINA	China	244638	Construction & Engineering	221771	Capital Goods	-	-	-	-	Power Construction Corp of China / PowerChina	China
POWER FINANCE CORPORATION	India	5446708	Diversified Financial Services	5502922	Diversified Financials	-	-	-	-	Power Finance Corp Ltd	India
PPL CORP	Verenigde Staten	198581	Electric Utilities	850707	Utilities	-	-	-	-	PPL Corp 	USA
PRESS METAL ALUMIN	Maleisië	958726	Metals & Mining	0	0	-	-	-	-	Press Metal Aluminium Holdings Bhd	Malaysia
PUBLIC POWER CORP	Griekenland	0	0	2794209	Utilities	-	-	-	-	Public Power Corp SA	Greece
RELIANCE INDUSTRIES LTD	India	0	0	78894046	Energy	Reliance Industries Ltd	India	-	-	-	-
REPSOL SA	Spanje	25164027	Oil, Gas & Consumable Fuels	137770	Energy	Repsol SA	Spain	-	-	-	-
ROYAL DUTCH SHELL PLC-A SHS	Nederland	152079598	Oil, Gas & Consumable Fuels	84528872	Energy	Royal Dutch Shell plc	Netherlands	Royal Dutch Shell plc	Netherlands	-	-
ROYAL DUTCH SHELL PLC-B SHS	Nederland	91888333	Oil, Gas & Consumable Fuels	82690000	Energy	Royal Dutch Shell plc	Netherlands	Royal Dutch Shell plc	Netherlands	-	-
RWE AG	Duitsland	9685131	Multi-Utilities	0	0	RWE AG	Germany	-	-	RWE AG	Germany
SAMSUNG ENGINEERING CO LTD	Zuid-Korea	8352423	Construction & Engineering	4751840	Capital Goods	-	-	Samsung Engineering Co Ltd	South Korea	-	-
SANDRIDGE ENERGY I	Verenigde Staten	510839	Oil, Gas & Consumable Fuels	0	0	SandRidge Energy Inc	USA	-	-	-	-
SAN MIGUEL CORP	Filipijnen	1674745	Industrial Conglomerates	1103947	Capital Goods	-	-	-	-	San Miguel Corp	Philippines
SANTOS LTD	Australië	68443	Oil, Gas & Consumable Fuels	138085	Energy	Santos Ltd	Australia	-	-	-	-
SANY HEAVY IND CO	China	4229276	Machinery	7666120	Capital Goods	-	-	-	-	Sany Heavy Equipment International Holdings Co Ltd	China
SAUDI ARABIAN OIL	Saoedi-Arabië	10957665	Oil, Gas & Consumable Fuels	0	0	Saudi Arabian Oil Company (Saudi Aramco)	Saudi Arabia	Saudi Arabian Oil Company (Saudi Aramco)	Saudi Arabia	-	-
SCHLUMBERGER LTD	Verenigde Staten	64339430	Energy Equipment & Services	53752703	Energy	Schlumberger Ltd	USA	-	-	-	-
SDIC CAPITAL CO LT	China	159831	Capital Markets	192159	Diversified Financials	-	-	-	-	SDIC Capital Co Ltd	China
SDIC POWER HOLDING	China	285700	Independent Power and Renewable Electricity Producers	0	0	-	-	-	-	SDIC Power Holding Co Ltd	China
SEMBCORP INDUSTRIES LTD	Singapore	910666	Industrial Conglomerates	1405752	Utilities	-	-	-	-	Sembcorp Industries Ltd	Singapore
SEMPRA ENERGY	Verenigde Staten	55595610	Multi-Utilities	53487786	Utilities	-	-	Sempra Energy	USA	-	-
SEVEN GROUP HLDGS	Australië	755172	Trading Companies & Distributors	1060474	Capital Goods	Seven Group Holdings Ltd	Australia	-	-	-	-
SHAANXI COAL INDUS	China	178086	Oil, Gas & Consumable Fuels	0	0	-	-	-	-	Shaanxi Coal Industry Co Ltd	China
SHANGHAI ELECTRIC GRP CO L-H	China	3337797	Electrical Equipment	2512683	Capital Goods	-	-	-	-	Shanghai Electric Group Corp	China
SHANXI LU'AN ENVIR	China	4010262	Oil, Gas & Consumable Fuels	0	0	-	-	-	-	Shanxi Lu'An Environmental Energy Development Co Ltd	China
SHIKOKU ELECTRIC POWER CO	Japan	736277	Electric Utilities	1450577	Utilities	-	-	-	-	Shikoku Electric Power Co Inc	Japan
SK INNOVATION CO LTD	Zuid-Korea	7441919	Oil, Gas & Consumable Fuels	13971554	Energy	SK Innovation Co Ltd	South Korea	-	-	-	-
SNAM SPA	Italië	22129443	Gas Utilities	19768824	Utilities	-	-	Snam SpA	Italy	-	-
SOJITZ CORP	Japan	20816604	Trading Companies & Distributors	22191559	Capital Goods	Sojitz Corporation	Japan	-	-	-	-
SUMITOMO CORP	Japan	24389555	Trading Companies & Distributors	22137782	Capital Goods	-	-	-	-	Sumitomo Corp Overseas Capital Ltd	Japan
SUNCOR ENERGY INC	Canada	55111501	Oil, Gas & Consumable Fuels	0	0	Suncor Energy Inc	Canada	-	-	-	-
SURGUTNEFTEGAZ	Rusland	22375827	Oil, Gas & Consumable Fuels	17891008	Energy	Surgutneftegas PJSC	Russia	-	-	-	-
TAIWAN CEMENT	Taiwan	825190	Construction Materials	0	0	-	-	-	-	Taiwan Cement Corp	Taiwan
TARGA RESOURCES CO	Verenigde Staten	6760076	Oil, Gas & Consumable Fuels	0	0	-	-	Targa Resources Corp	USA	-	-
TC ENERGY CORPORAT	Canada	382673	Oil, Gas & Consumable Fuels	143086	Energy	-	-	TC Energy Corporation 	Canada	-	-
TEBIAN ELECTRIC AP	China	249278	Electrical Equipment	258781	Capital Goods	-	-	-	-	TBEA (Tebian Electric Apparatus) Co Ltd	China
TECK RESOURCES LTD-CLS B	Canada	6777163	Metals & Mining	9013509	Materials	Teck Resources Ltd	Canada	-	-	-	-
TENAGA NASIONAL BHD	Maleisië	45346352	Electric Utilities	0	0	-	-	-	-	Tenaga Nasional Bhd	Malaysia
TIANNENG POWER INT	China	1358410	Auto Components	0	0	-	-	-	-	Ningxia Tianneng Power Co Ltd	China
TOHOKU ELECTRIC POWER CO INC	Japan	3437920	Electric Utilities	3194059	Utilities	-	-	-	-	Tohoku Electric Power Co Inc	Japan
TOKYO CENTURY CORP	Japan	1390272	Diversified Financial Services	1932590	Diversified Financials	-	-	-	-	Tokyo Century Corp	Japan
Tokyo Electric Power Co Holdin	Japan	12573111	Electric Utilities	0	0	-	-	-	-	Tokyo Electric Power Co Inc	Japan
TOKYO GAS CO LTD	Japan	22604098	Gas Utilities	27318972	Utilities	Tokyo Gas Co Ltd	Japan	Tokyo Gas Co Ltd	Japan	-	-
UNIPER SE	Duitsland	3774120	Independent Power and Renewable Electricity Producers	9234894	Utilities	-	-	-	-	Uniper SE	Germany
UNIT CORP	Verenigde Staten	0	0	1629979	Energy	Unit Corporation	USA	-	-	-	-
UNITED ENERGY GP L	Hongkong	561778	Oil, Gas & Consumable Fuels	0	0	United Energy Group Ltd	China (Hong Kong)	-	-	-	-
UNITED TRACTORS TBK PT	Indonesië	3708568	Oil, Gas & Consumable Fuels	2852544	Energy	-	-	-	-	PT United Tractors Tbk	Indonesia
VALERO ENERGY CORP	Verenigde Staten	0	0	42435940	Energy	-	-	Valero Energy Corporation	USA	-	-
VALE SA	Brazilië	57437477	Metals & Mining	0	0	-	-	-	-	Vale SA	Brazil
VISTRA ENERGY CORP	Verenigde Staten	3730215	Independent Power and Renewable Electricity Producers	0	0	-	-	-	-	Vistra Corp	USA
WANHUA CHEMICAL GR	China	1895340	Chemicals	5246074	Materials	-	-	-	-	Wanhua Chemical Group Co Ltd	China
WEC ENERGY GROUP	Verenigde Staten	237480	Multi-Utilities	0	0	-	-	-	-	WEC Energy Group Inc	USA
WHITEHAVEN COAL LTD	Australië	162215	Oil, Gas & Consumable Fuels	0	0	-	-	-	-	Whitehaven Coal Ltd	Australia
WOODSIDE PETROLEUM LTD	Australië	329335	Oil, Gas & Consumable Fuels	139991	Energy	Woodside Petroleum Ltd	Australia	Woodside Petroleum Ltd	Australia	-	-
XCEL ENERGY INC	Verenigde Staten	260762	Electric Utilities	0	0	-	-	-	-	XCEL Energy Inc	USA
YANZHOU COAL MINING CO-H	China	1925444	Oil, Gas & Consumable Fuels	0	0	-	-	-	-	Yanzhou Coal Mining Co Ltd	China
ZHENGZHOU COAL MIN	China	4058612	Machinery	4191813	Capital Goods	-	-	-	-	Zhengzhou Coal Mining Machinery Group Co Ltd 	China
